Subject-id,Activity Label,Timestamp,x,y,z
1609,C,43314423828627,0.656723,-0.5613098,-0.17260742
1609,C,43314675598647,-1.8269043,0.11628723,-1.8461914
1609,C,43314927368666,0.58421326,0.3574524,1.2834778
1609,C,43315179138686,0.012435913,1.2316895,1.2545166
1609,C,43315430908705,1.2798157,-3.0763245,0.3204193
1609,C,43315682678725,-0.1321106,0.8725281,0.22612
1609,C,43315934448744,-0.5812378,-0.753006,-1.4149933
1609,C,43316186218764,0.12150574,-0.35888672,-0.0806427
1609,C,43316437988783,0.21008301,1.1421356,1.5471649
1609,C,43316689758803,0.45332336,-2.048233,0.40997314
1609,C,43316941528822,1.1370087,-1.6018829,0.21173096
1609,C,43317193298842,-0.49317932,-0.0909729,-1.2017365
1609,C,43317445068861,0.19151306,-0.006515503,0.41983032
1609,C,43317696838881,-0.3851776,-1.0906982,1.5892792
1609,C,43317948608901,0.3516388,-1.684372,-0.04638672
1609,C,43318200378920,1.1649323,-1.0559692,0.120529175
1609,C,43318452148940,-0.6169586,-0.4106903,-0.88868713
1609,C,43318703918959,0.3140869,0.08488464,-0.13700867
1609,C,43318955688979,0.3060913,1.7759247,1.6019135
1609,C,43319207458998,0.34117126,-2.1607819,0.076171875
1609,C,43319459229018,1.015274,-1.0307465,0.23677063
1609,C,43319710999037,-1.2718506,1.9774475,-1.0731201
1609,C,43319962769057,0.19612122,-0.1631012,-0.574234
1609,C,43320214539076,-0.23020935,2.7886047,1.3458862
1609,C,43320466309096,0.45417786,-1.8647919,0.04347229
1609,C,43320718079115,0.96736145,-0.22871399,0.44503784
1609,C,43320969849135,-1.5427704,2.107376,-1.5372162
1609,C,43321221619154,0.22872925,-0.465271,-0.7764282
1609,C,43321473389174,-0.11816406,3.2157745,1.3024902
1609,C,43321725159193,0.20716858,-0.67266846,0.22891235
1609,C,43321976929213,1.1317902,-3.1485748,0.10362244
1609,C,43322228699233,-2.495407,0.74412537,-1.4592438
1609,C,43322480475893,-1.8205414,0.6103363,-1.6908875
1609,C,43322732245913,1.4630432,7.492218,3.9824066
1609,C,43322984015932,-0.50071716,0.7609253,0.18934631
1609,C,43323235785952,-0.27241516,1.9292755,0.07354736
1609,C,43323487555971,-1.0388489,2.523819,-0.81729126
1609,C,43323739325991,-1.9396515,3.5207977,0.20591736
1609,C,43323991096010,0.17184448,1.7676544,-0.19856262
1609,C,43324242866030,-0.13912964,-1.3140564,-0.35813904
1609,C,43324494636049,-0.29730225,0.71624756,0.05154419
1609,C,43324746406069,0.03425598,-0.5255127,-0.016342163
1609,C,43324998176088,-0.32876587,2.501175,-2.3577728
1609,C,43325249946108,0.2846985,-0.7830353,2.239029
1609,C,43325501716127,0.2667389,-0.6458893,-0.08569336
1609,C,43325753486147,0.8929291,-1.3485107,0.082351685
1609,C,43326005256167,-0.84895325,-1.8661346,0.4163971
1609,C,43326257026186,0.17095947,-2.337143,-0.21591187
1609,C,43326508796206,0.32359314,-0.8209076,0.76472473
1609,C,43326760566225,-0.0009918213,-2.7753296,-0.43156433
1609,C,43327012336245,-1.2404022,2.2453003,-0.26715088
1609,C,43327264106264,-0.10194397,-0.1857605,-0.5404968
1609,C,43327515876284,0.2902069,-2.610962,-0.16679382
1609,C,43327767646303,0.40168762,0.12454224,1.1045837
1609,C,43328019416323,-0.72639465,-0.18597412,-0.817688
1609,C,43328271186342,0.2795868,0.56381226,0.45767212
1609,C,43328522956362,0.07696533,-0.69729614,-0.1910553
1609,C,43328774726381,-0.4373169,1.6735687,-1.5249023
1609,C,43329026496401,0.56018066,-1.8673248,1.4257202
1609,C,43329278266420,0.04714966,0.51449585,-0.5203705
1609,C,43329530036440,1.0852051,0.25579834,1.0291748
1609,C,43329781806459,-0.15727234,-0.29640198,-0.072402954
1609,C,43330033576479,-0.14294434,-0.43894958,-0.77449036
1609,C,43330285346499,0.31611633,-0.8717346,1.3042603
1609,C,43330537116518,0.54989624,-4.205948,-0.38861084
1609,C,43330788886538,-2.4484406,5.7613525,-0.58461
1609,C,43331040656557,-0.30737305,0.20037842,-1.5239258
1609,C,43331292426577,1.009964,-0.025177002,1.4708862
1609,C,43331544196596,0.5528259,2.5278168,0.16934204
1609,C,43331795966616,-0.44013977,-2.4166107,-0.40983582
1609,C,43332047736635,-0.4872589,3.3284302,-0.1690979
1609,C,43332299506655,-0.4005127,1.8265381,-1.2116699
1609,C,43332551258743,0.48919678,-0.5107727,0.68803406
1609,C,43332803028763,0.84132385,-0.039367676,0.25253296
1609,C,43333054798782,-0.6592102,-2.684555,-0.5912323
1609,C,43333306568802,0.09869385,-0.37800598,0.15539551
1609,C,43333558338821,0.5779114,-2.6876984,-1.5345306
1609,C,43333810108841,3.1093445,-3.39505,0.6634369
1609,C,43334061878861,0.4389801,-0.3840332,-0.46609497
1609,C,43334313648880,-0.41667175,0.9376221,-0.21098328
1609,C,43334565418900,0.35972595,-1.9659119,0.1461792
1609,C,43334817188919,-1.0500183,2.4293213,-1.0084686
1609,C,43335068958939,0.8309021,-1.9199066,-1.5950012
1609,C,43335320728958,0.026245117,2.5727234,1.9729614
1609,C,43335572498978,0.18788147,-1.2588501,0.06958008
1609,C,43335824268997,0.35386658,-0.77937317,0.58569336
1609,C,43336076039017,-1.8218384,1.064682,-1.5763397
1609,C,43336327809036,0.022521973,0.677948,-1.856308
1609,C,43336579579056,0.34384155,4.343399,1.5621033
1609,C,43336831349075,-0.1622467,-2.1591492,0.09567261
1609,C,43337083119095,0.13394165,1.7306519,0.13842773
1609,C,43337334889114,0.54444885,-1.4685974,0.25115967
1609,C,43337586659134,-0.59077454,-1.1182098,-1.433136
1609,C,43337838429153,0.26696777,0.6900177,0.7432709
1609,C,43338090199173,0.019683838,-0.11160278,1.27742
1609,C,43338341969193,0.40014648,-2.4150696,-0.08718872
1609,C,43338593739212,0.63986206,-1.1348724,0.38572693
1609,C,43338845509232,-2.2963104,2.206543,-1.2990417
1609,C,43339097279251,-0.19647217,0.16804504,-1.6190643
1609,C,43339349049271,0.40777588,1.998764,2.587143
1609,C,43339600819290,0.56225586,-1.2944336,0.6928711
1609,C,43339852589310,0.5029907,-2.3874817,-0.69625854
1609,C,43340104359329,1.3127899,0.39689636,0.77104187
1609,C,43340356129349,-2.057785,-0.50349426,-1.3664703
1609,C,43340607899368,0.38275146,0.025115967,-0.24031067
1609,C,43340859669388,0.010894775,2.4661102,1.2964172
1609,C,43341111439407,0.44821167,-3.0398102,-0.5311432
1609,C,43341363209427,0.097457886,-0.03956604,0.31326294
1609,C,43341614979446,-2.311615,2.4039154,-1.1601257
1609,C,43341866749466,-0.7203369,0.70666504,-1.4092865
1609,C,43342118519486,1.8267517,4.3676147,2.7842865
1609,C,43342370289505,-0.31655884,-1.6512451,0.011520386
1609,C,43342622059603,0.41918945,-0.96009827,-0.24577332
1609,C,43342873829622,-2.1975098,0.6012268,-0.99334717
1609,C,43343125599642,-1.6465454,1.5077362,-2.12117
1609,C,43343377369661,0.99754333,3.0927734,2.9008331
1609,C,43343629139681,0.203125,0.6990509,0.5242157
1609,C,43343880909700,0.28527832,0.1377716,0.47644043
1609,C,43344132679720,-1.6418915,4.778244,-1.1357269
1609,C,43344384449739,-1.9694672,0.40342712,-0.28726196
1609,C,43344636219759,-0.20401001,4.4400177,2.5557556
1609,C,43344887989778,0.36283875,4.6450195,0.6637268
1609,C,43345139759798,0.022918701,-1.2789001,-1.1352081
1609,C,43345391529817,-0.21109009,-0.10932922,-0.17399597
1609,C,43345643299837,-0.42868042,0.5375061,-0.10348511
1609,C,43345895069856,-0.35731506,-0.06463623,-1.7827301
1609,C,43346146839876,-0.07398987,-0.45515442,1.4588623
1609,C,43346398609896,-0.079452515,-1.6402893,0.31425476
1609,C,43346650379915,-0.35606384,-2.3002167,-0.8310852
1609,C,43346902149935,0.38464355,1.5735931,0.7628479
1609,C,43347153919954,-0.7865143,3.6814728,-0.8979645
1609,C,43347405689974,-0.3440857,1.9482117,-2.1358948
1609,C,43347657459993,0.5020294,-1.8313751,1.7541656
1609,C,43347909230013,0.0096588135,1.3493652,-0.3806305
1609,C,43348161000032,0.124313354,0.19354248,0.85043335
1609,C,43348412770052,-0.1539154,-0.68473816,-0.33961487
1609,C,43348664540071,-0.5413513,2.1453247,-1.4863129
1609,C,43348916310091,0.98872375,-3.0389557,1.7327728
1609,C,43349168080110,0.97572327,-0.5251007,0.14035034
1609,C,43349419850130,0.1494751,-0.28482056,0.46124268
1609,C,43349671620149,0.21102905,-1.1264343,0.24177551
1609,C,43349923390169,-0.3293457,-0.56288147,-1.0578003
1609,C,43350175160189,0.49594116,-0.80163574,0.927536
1609,C,43350426930208,0.012451172,2.044693,0.15393066
1609,C,43350678700228,-0.77305603,-2.6471405,-0.12084961
1609,C,43350930470247,-2.3912964,3.692154,-1.1117401
1609,C,43351182240267,-0.21914673,0.120147705,-0.61660767
1609,C,43351434010286,0.6635895,-0.8765106,0.6397095
1609,C,43351685780306,0.4391632,1.2207642,0.40930176
1609,C,43351937550325,0.7374878,-3.5938568,-0.17825317
1609,C,43352189320345,-1.7893372,5.2139435,-0.7851105
1609,C,43352441090364,-0.14422607,-0.19316101,-0.75549316
1609,C,43352692883257,0.5447998,-0.54629517,0.50442505
1609,C,43352944653276,0.95635986,1.0191956,0.5081024
1609,C,43353196423296,0.066848755,-3.5167542,-0.4787445
1609,C,43353448193315,-2.459549,5.0706635,-0.76956177
1609,C,43353699963335,-0.46369934,-0.23550415,-1.0191498
1609,C,43353951733354,0.7479706,-0.48832703,1.2061462
1609,C,43354203503374,0.7279053,0.09564209,0.19767761
1609,C,43354455273394,-0.6426239,-1.3013916,-0.287735
1609,C,43354707043413,0.7984772,-1.774231,0.07418823
1609,C,43354958813433,-0.29508972,-0.83799744,-1.3507385
1609,C,43355210583452,2.6038666,-4.3453217,-0.34655762
1609,C,43355462353472,2.182663,-2.0143433,-0.8455353
1609,C,43355714123491,-0.8417206,1.942276,0.48303223
1609,C,43355965893511,-2.2472382,0.9476471,-2.4151154
1609,C,43356217663530,0.39179993,-1.1667175,-1.0677185
1609,C,43356469433550,0.113861084,-0.69906616,1.264389
1609,C,43356721203569,0.06391907,-1.3479462,0.106033325
1609,C,43356972973589,0.38056946,-1.4481201,0.52441406
1609,C,43357224743608,-2.9231262,1.6643524,-1.5665283
1609,C,43357476513628,-0.3767395,1.695343,-1.9132996
1609,C,43357728283647,0.43666077,1.2400513,3.3357544
1609,C,43357980053667,-0.3736725,-1.3273315,-0.31710815
1609,C,43358231823687,0.52752686,-0.37539673,-0.1307373
1609,C,43358483593706,-0.68621826,-0.6451721,-0.40071106
1609,C,43358735363726,-1.0713959,0.38563538,-1.9544067
1609,C,43358987133745,0.06715393,2.2259521,1.6409912
1609,C,43359238903765,-0.42704773,-1.3659668,1.0374603
1609,C,43359490673784,0.58399963,-2.3141022,0.30644226
1609,C,43359742443804,0.45617676,-1.5206604,0.5501404
1609,C,43359994213823,-1.7036743,-1.8184662,-1.0519257
1609,C,43360245983843,0.57069397,-0.76368713,-0.25079346
1609,C,43360497753862,0.24430847,3.9680328,1.0401764
1609,C,43360749523882,0.20170593,-1.8390656,0.4190216
1609,C,43361001293901,1.2819977,-2.9350586,0.05645752
1609,C,43361253063921,-1.4091644,1.916687,-1.2177734
1609,C,43361504833940,0.11830139,-0.1622467,0.0034179688
1609,C,43361756603960,-0.567688,-0.5919647,1.5556183
1609,C,43362008373979,0.2978058,0.23623657,-0.23114014
1609,C,43362260143999,0.9254303,0.833313,0.28668213
1609,C,43362511890220,-0.5561218,0.2852173,-0.7605133
1609,C,43362763660239,0.40600586,0.20500183,-0.66378784
1609,C,43363015430259,0.34318542,3.7358856,1.0729523
1609,C,43363267200278,0.007385254,-2.1094208,-0.24032593
1609,C,43363518970298,-0.407135,2.1031342,-0.3126831
1609,C,43363770740317,0.9866791,-0.94055176,0.65882874
1609,C,43364022510337,-1.445282,-1.6097565,-1.2666321
1609,C,43364274280356,0.33676147,0.507843,-0.38223267
1609,C,43364526050376,-0.2714386,1.6971893,1.4386597
1609,C,43364777820395,0.12120056,-3.3519745,-0.8244324
1609,C,43365029590415,1.700882,1.8253632,0.29873657
1609,C,43365281360434,-2.4424438,2.1341858,-1.3950043
1609,C,43365533130454,-0.8084564,0.9603729,-1.8123016
1609,C,43365784900473,0.48658752,0.50431824,3.7400665
1609,C,43366036670493,-0.8705902,-1.5237579,0.8210602
1609,C,43366288440513,-0.13337708,2.0275116,-0.1743927
1609,C,43366540210532,-1.105957,2.0441437,-0.2626648
1609,C,43366791980552,-1.0339355,2.718399,-0.660614
1609,C,43367043750571,-1.7684479,2.8666077,-0.5605469
1609,C,43367295520591,0.35240173,-0.7568207,1.1295776
1609,C,43367547290610,-0.43395996,-0.6700592,-0.39094543
1609,C,43367799060630,-0.19589233,0.29626465,-0.07887268
1609,C,43368050830649,-0.22116089,0.72824097,-0.50061035
1609,C,43368302600669,-0.18655396,0.13209534,-0.21691895
1609,C,43368554370688,0.1847229,-1.2773285,0.27552795
1609,C,43368806140708,0.2117157,1.0194855,0.9919586
1609,C,43369057910727,-0.035217285,-0.49360657,-0.5110321
1609,C,43369309680747,0.124435425,0.59439087,0.4670868
1609,C,43369561450766,0.10118103,-0.6512146,-0.079452515
1609,C,43369813220786,-0.19721985,2.0266113,-1.3703766
1609,C,43370064990805,0.65808105,-1.7936859,1.5479584
1609,C,43370316760825,0.17466736,2.2102509,-0.51878357
1609,C,43370568530845,0.7944031,0.036376953,0.1672821
1609,C,43370820300864,-0.23570251,-1.6783142,0.6242676
1609,C,43371072070884,-0.285614,1.2214508,-1.2201843
1609,C,43371323840903,0.80415344,-1.8041687,1.5902252
1609,C,43371575610923,1.1362915,-0.28302002,-0.011962891
1609,C,43371827380942,-0.79914856,-0.08015442,0.8872223
1609,C,43372079150962,-0.1490326,-2.762741,-0.13549805
1609,C,43372330920981,-0.28134155,-0.97888184,-0.5374756
1609,C,43372582701883,0.48516846,0.7480011,0.31391907
1609,C,43372834471902,0.4355774,2.2264252,0.8450012
1609,C,43373086241922,0.6437988,-1.356247,0.057434082
1609,C,43373338011941,-1.2426453,0.24313354,0.45639038
1609,C,43373589781961,0.07922363,-1.2689056,0.17774963
1609,C,43373841551980,0.15026855,-0.9410858,-0.18113708
1609,C,43374093322000,0.36512756,-0.007507324,-0.642807
1609,C,43374345092020,0.815155,-0.5670471,1.1257019
1609,C,43374596862039,-0.12960815,-3.3031769,-0.44873047
1609,C,43374848632059,-1.1434784,5.6026154,-0.5604706
1609,C,43375100402078,-0.47416687,2.5409546,-1.656662
1609,C,43375352172098,0.54216003,-0.24526978,1.6979065
1609,C,43375603942117,-0.41407776,0.68013,-0.02658081
1609,C,43375855712137,-0.5723877,-1.2756805,-0.043411255
1609,C,43376107482156,-1.9002075,2.6040802,-0.9222107
1609,C,43376359252176,-0.317688,2.428421,-0.66007996
1609,C,43376611022195,0.6802826,0.5558014,1.0463715
1609,C,43376862792215,0.9944916,0.03881836,0.17082214
1609,C,43377114562234,-0.12348938,0.12940979,-0.33187866
1609,C,43377366332254,-2.1396942,4.9618683,-0.9144592
1609,C,43377618102273,-1.1899414,0.30108643,0.74287415
1609,C,43377869872293,-0.3440857,3.0488129,-1.2762146
1609,C,43378121642312,-1.2959442,3.5381165,-0.23841858
1609,C,43378373412332,-0.25578308,1.1712646,1.697403
1609,C,43378625182352,-0.55467224,-0.7693634,0.2592926
1609,C,43378876952371,0.5192261,-1.5220795,-0.022491455
1609,C,43379128722391,0.5391998,-3.4863129,0.4222412
1609,C,43379380492410,0.4988098,-1.6319427,-0.28681946
1609,C,43379632262430,-1.7634735,2.8432007,-1.2899628
1609,C,43379884032449,-0.27493286,-0.018203735,-0.7527466
1609,C,43380135802469,0.30282593,5.967743,1.0445404
1609,C,43380387572488,0.60253906,-1.3333588,0.0015563965
1609,C,43380639342508,1.1249237,-1.3704987,0.20852661
1609,C,43380891112527,-0.07737732,0.02357483,0.116241455
1609,C,43381142882547,-1.8501282,1.2847748,-1.4612122
1609,C,43381394652566,-0.2711792,-0.15304565,-0.6729126
1609,C,43381646422586,-0.60723877,1.0595245,1.0360413
1609,C,43381898192605,0.16998291,1.8663483,0.07354736
1609,C,43382149962625,0.44210815,-2.7851257,-0.10838318
1609,C,43382401732645,-1.1756287,-1.004364,-0.56889343
1609,C,43382653497114,-0.127594,1.3095398,-2.1594238
1609,C,43382905267134,0.2911377,0.9582977,3.8680573
1609,C,43383157037153,-0.5342407,-1.6537476,0.2830963
1609,C,43383408807173,1.4387512,-1.0071716,-0.07601929
1609,C,43383660577192,1.0011444,-1.0561066,0.22885132
1609,C,43383912347212,-1.3073883,0.425766,-1.4128723
1609,C,43384164117231,0.0022277832,-0.24299622,-0.5465851
1609,C,43384415887251,-0.2278595,2.8044739,1.3459625
1609,C,43384667657270,0.28289795,-2.1260986,-0.046554565
1609,C,43384919427290,-0.275589,0.72998047,-0.1642456
1609,C,43385171197309,-0.18180847,-0.7066498,0.060333252
1609,C,43385422967329,-0.388031,-0.5069885,-1.0713501
1609,C,43385674737348,0.5548248,0.764801,1.0815277
1609,C,43385926507368,-0.26889038,-0.7007599,1.0057068
1609,C,43386178277387,0.6393585,-2.352478,-0.32034302
1609,C,43386430047407,0.9599304,-0.16693115,0.6649475
1609,C,43386681817427,-1.5959167,2.0104218,-1.6042633
1609,C,43386933587446,-0.116378784,0.1658783,-0.9736023
1609,C,43387185357466,-0.39508057,1.3184967,0.6928406
1609,C,43387437127485,0.70217896,-1.7396088,0.09246826
1609,C,43387688897505,0.8355255,-2.416153,0.33491516
1609,C,43387940667524,-0.38430786,-1.6660919,-0.48181152
1609,C,43388192437544,-1.8087158,0.22866821,-0.9441223
1609,C,43388444207563,-0.038345337,1.2144928,0.020004272
1609,C,43388695977583,-0.2578888,0.13427734,1.6578369
1609,C,43388947747602,-0.46336365,0.45864868,0.06738281
1609,C,43389199517622,-0.9490814,2.3642426,-0.37275696
1609,C,43389451287641,-1.5567627,1.8174438,0.43200684
1609,C,43389703057661,-0.5257416,0.5243988,0.95591736
1609,C,43389954827680,0.86276245,0.044906616,0.58573914
1609,C,43390206597700,0.6208954,-0.7928467,-0.1387024
1609,C,43390458367720,-0.09609985,0.47286987,0.34481812
1609,C,43390710137739,-2.5293427,0.2596588,-1.4588165
1609,C,43390961907759,0.2645111,0.6750488,0.65356445
1609,C,43391213677778,0.25512695,-0.8582611,-0.083358765
1609,C,43391465447798,0.3021698,-1.1503601,-0.35739136
1609,C,43391717217817,-0.58833313,1.5063629,0.10670471
1609,C,43391968987837,-0.4075775,0.61058044,-0.008895874
1609,C,43392220757856,-0.035598755,-0.9290161,-0.8064575
1609,C,43392472528973,0.90589905,-0.20503235,1.795044
1609,C,43392724298992,1.4357452,1.1996765,-0.530838
1609,C,43392976069012,0.35043335,1.6933289,0.599823
1609,C,43393227839031,-0.5285492,-0.107284546,-0.30371094
1609,C,43393479609051,-0.3920288,0.018981934,-2.016571
1609,C,43393731379070,1.2486877,-1.7124939,1.5857391
1609,C,43393983149090,-0.39474487,1.8692627,0.27090454
1609,C,43394234919109,-0.09095764,-0.87493896,0.5035858
1609,C,43394486689129,-0.24119568,-0.93769836,0.3265381
1609,C,43394738459149,-0.53900146,-0.01689148,-0.65556335
1609,C,43394990229168,1.4139252,-1.9931793,0.89038086
1609,C,43395241999188,0.8924408,0.14567566,0.35572815
1609,C,43395493769207,-0.5296478,-1.5607758,0.07279968
1609,C,43395745539227,-0.7694092,1.8966675,-0.5297699
1609,C,43395997309246,0.04185486,-0.175354,-1.4499054
1609,C,43396249079266,0.802536,-0.28115845,1.569397
1609,C,43396500849285,-0.6199951,1.8479614,-0.3193512
1609,C,43396752619305,-0.82925415,-0.41325378,0.13536072
1609,C,43397004389324,-0.2934265,6.077881,-0.15075684
1609,C,43397256159344,-0.32955933,-1.6242981,-0.35479736
1609,C,43397507929363,0.35812378,-1.7570343,-1.1074982
1609,C,43397759699383,0.43937683,-1.5930786,1.5580597
1609,C,43398011469402,0.53601074,0.2825775,-0.035720825
1609,C,43398263239422,-0.28755188,-0.4273529,0.19729614
1609,C,43398515009442,-0.0990448,0.28199768,0.1111145
1609,C,43398766779461,-0.06626892,-0.9219055,-0.35977173
1609,C,43399018549481,0.341156,-1.4341583,-0.32954407
1609,C,43399270319500,0.7853546,-2.3156128,1.6111603
1609,C,43399522089520,1.0184631,0.789032,-0.34336853
1609,C,43399773859539,-0.7238617,-0.11354065,1.1527863
1609,C,43400025629559,0.25286865,-1.680069,-0.14785767
1609,C,43400277399578,-0.013595581,-0.4727478,-0.91604614
1609,C,43400529169598,1.683197,0.4721985,0.10446167
1609,C,43400780939617,1.5736694,-4.6971893,0.2768402
1609,C,43401032709637,-0.22666931,-0.016235352,-0.78271484
1609,C,43401284479656,0.057937622,2.6067657,0.7550354
1609,C,43401536249676,1.2955475,-5.1860504,-0.438797
1609,C,43401788019695,1.1973724,-0.37290955,-1.5100403
1609,C,43402039789715,1.2112122,-0.6012268,-0.24623108
1609,C,43402291559734,-0.15788269,0.8351288,1.7462311
1609,C,43402543348710,0.2890625,0.6221161,0.47442627
1609,C,43402795118730,0.8121948,-2.8414154,-0.032821655
1609,C,43403046888749,0.509079,-3.1029816,0.17500305
1609,C,43403298658769,-2.015915,1.2698975,-1.4351807
1609,C,43403550428788,0.4992981,0.6106262,0.905777
1609,C,43403802198808,-0.3501587,-1.806778,1.1164246
1609,C,43404053968827,1.1160278,-1.9956818,0.18049622
1609,C,43404305738847,0.16667175,-1.0089111,0.19509888
1609,C,43404557508866,-0.9784088,-0.7275543,-0.37861633
1609,C,43404809278886,-0.8768463,1.4161377,-1.393219
1609,C,43405061048905,1.2372437,2.7652588,3.3638
1609,C,43405312818925,0.41223145,-0.50442505,1.0681152E-4
1609,C,43405564588944,0.3373108,-0.7094269,-0.07241821
1609,C,43405816358964,0.9477997,-1.0882568,0.43840027
1609,C,43406068128983,-2.796524,1.6663513,-1.8269501
1609,C,43406319899003,0.004470825,-0.34747314,-0.4557495
1609,C,43406571669023,0.04550171,3.84552,0.6875305
1609,C,43406823439042,0.47473145,-1.568924,0.24455261
1609,C,43407075209062,1.2507629,-3.434082,-0.15240479
1609,C,43407326979081,0.56874084,-0.48013306,0.300354
1609,C,43407578749101,-2.6958618,1.7878876,-1.1412201
1609,C,43407830519120,-0.62298584,0.7741394,-1.904892
1609,C,43408082289140,0.62942505,3.1112518,3.7147064
1609,C,43408334059159,0.36001587,-1.1503296,0.30993652
1609,C,43408585829179,1.0277863,-3.6618652,0.193573
1609,C,43408837599198,0.47268677,-0.1550293,0.08743286
1609,C,43409089369218,-2.3103333,2.5518188,-1.1685944
1609,C,43409341139237,0.1214447,0.25509644,-1.429306
1609,C,43409592909257,0.23304749,3.7776184,1.230423
1609,C,43409844679276,-0.4260254,-1.8218842,-0.24147034
1609,C,43410096449296,0.41430664,-0.9259186,-0.28741455
1609,C,43410348219315,1.0456696,0.24510193,0.61824036
1609,C,43410599989335,-1.1645508,1.0023956,-1.566391
1609,C,43410851759355,-0.3265686,0.5047455,-1.8712463
1609,C,43411103529374,1.5901642,4.0592346,2.7167816
1609,C,43411355299394,-0.40174866,-1.9208374,0.013427734
1609,C,43411607069413,0.31640625,0.2602539,-0.19845581
1609,C,43411858839433,-0.31524658,-0.23202515,0.008926392
1609,C,43412110609452,-1.8783112,-0.1543274,-1.0439148
1609,C,43412362379472,-0.034179688,0.94563293,-0.10083008
1609,C,43412614127762,-1.5445251,-1.8076477,0.9312897
1609,C,43412865897782,0.28515625,2.3173828,0.25776672
1609,C,43413117667801,-0.3573761,1.1359558,-0.6580963
1609,C,43413369437821,-0.95988464,2.5337982,-0.19796753
1609,C,43413621207840,-1.9582977,5.503662,-0.826828
1609,C,43413872977860,-0.34222412,0.10897827,0.5136261
1609,C,43414124747879,0.5142975,0.6623993,0.0017852783
1609,C,43414376517899,0.58283997,0.834671,0.3480835
1609,C,43414628287919,-0.8174286,-0.17324829,-0.8206024
1609,C,43414880057938,-0.08364868,0.2524109,0.4329071
1609,C,43415131827958,0.26464844,1.9190063,0.29794312
1609,C,43415383597977,0.7675476,-0.20780945,-0.26898193
1609,C,43415635367997,0.4124756,1.1577148,0.65631104
1609,C,43415887138016,-0.6483917,0.830719,-0.24066162
1609,C,43416138908036,-0.76930237,-1.2339325,-0.789917
1609,C,43416390678055,0.77153015,0.08413696,1.1685181
1609,C,43416642448075,0.08937073,-0.84884644,0.60388184
1609,C,43416894218094,0.31532288,-4.5899506,-0.33451843
1609,C,43417145988114,1.4412842,2.00737,0.5810394
1609,C,43417397758133,-0.13833618,0.12164307,-0.60591125
1609,C,43417649528153,0.5394745,-0.02255249,-0.90257263
1609,C,43417901298172,1.2489471,-1.7498779,1.0810852
1609,C,43418153068192,-1.1260681,-0.04121399,-0.7681732
1609,C,43418404838211,-1.7660065,3.7073975,-0.3194275
1609,C,43418656608231,-0.35998535,-0.50193787,-0.56185913
1609,C,43418908378251,0.43460083,-1.267273,0.40301514
1609,C,43419160148270,0.77334595,0.039916992,0.81311035
1609,C,43419411918290,0.26818848,-0.4125061,-0.42718506
1609,C,43419663688309,0.29873657,0.88578796,0.7895813
1609,C,43419915458329,-0.64512634,-0.5146637,-0.27330017
1609,C,43420167228348,-0.12109375,-1.1768341,-0.47317505
1609,C,43420418998368,0.7931824,-0.0103302,0.5762787
1609,C,43420670768387,0.63175964,1.2111969,0.46852112
1609,C,43420922538407,-0.6812744,1.5003662,-0.83084106
1609,C,43421174308426,1.1157532,1.1288757,0.7079468
1609,C,43421426078446,-0.2545166,-1.274704,-0.46192932
1609,C,43421677848465,-0.43107605,0.057022095,0.01512146
1609,C,43421929618485,-0.30673218,0.7576752,-1.4575043
1609,C,43422181388504,0.9954071,-2.4498596,1.8478699
1609,C,43422433158524,0.7043457,-0.24490356,-0.42037964
1609,C,43422684940418,0.08369446,0.7364807,0.1749115
1609,C,43422936710437,-0.6127472,1.263504,-0.108795166
1609,C,43423188480457,-0.24473572,0.5549469,-1.4858398
1609,C,43423440250476,0.4006958,0.16096497,1.5543213
1609,C,43423692020496,-0.5601959,1.2949219,-0.21554565
1609,C,43423943790515,-0.74531555,-1.608429,-0.7088623
1609,C,43424195560535,-2.6194305,1.8942108,-0.93878174
1609,C,43424447330554,-0.19898987,0.023651123,-1.0023651
1609,C,43424699100574,1.865036,-0.49023438,-0.39978027
1609,C,43424950870593,3.7209015,-4.835144,0.36297607
1609,C,43425202640613,-1.0617371,2.392624,-1.2722931
1609,C,43425454410632,-0.47955322,2.4969025,0.26031494
1609,C,43425706180652,-0.1695404,-0.07154846,-0.018249512
1609,C,43425957950671,0.445755,-1.7198486,-1.7384644
1609,C,43426209720691,1.997406,1.9682922,-1.0873108
1609,C,43426461490710,1.0206604,-1.0256042,1.8936768
1609,C,43426713260730,-0.5428772,-2.706421,1.2623596
1609,C,43426965030750,-0.17851257,1.9747162,-0.57788086
1609,C,43427216800769,-0.1270752,0.14733887,0.16552734
1609,C,43427468570789,-0.4577179,0.40621948,-0.79974365
1609,C,43427720340808,-3.1277924,0.5040436,-3.2830963
1609,C,43427972110828,0.66290283,0.47994995,0.13287354
1609,C,43428223880847,0.6662903,1.9681244,2.277771
1609,C,43428475650867,0.27264404,-1.1732025,0.40048218
1609,C,43428727420886,0.5730591,-1.6240692,-0.21133423
1609,C,43428979190906,0.097457886,0.041427612,0.2884369
1609,C,43429230960925,-2.7706757,2.1190643,-1.3750916
1609,C,43429482730945,-0.6543274,-0.15286255,-1.5111694
1609,C,43429734500964,0.4182129,5.699051,1.948761
1609,C,43429986270984,-0.54971313,-2.287094,-0.05632019
1609,C,43430238041003,0.48373413,-0.1461792,0.3149109
1609,C,43430489811023,-2.4485931,1.6730804,-1.647995
1609,C,43430741581043,-0.5725708,1.2957764,-1.8699493
1609,C,43430993351062,0.4324646,1.4620209,4.675293
1609,C,43431245121082,-0.49380493,-1.1672668,-0.18844604
1609,C,43431496891101,0.92015076,-0.5883484,-0.25360107
1609,C,43431748661121,0.5119629,-0.5086212,0.117614746
1609,C,43432000431140,-2.0122528,1.1041718,-1.275238
1609,C,43432252201160,0.08103943,0.0415802,-0.3528595
1609,C,43432503951062,0.0009613037,0.9303589,1.9870453
1609,C,43432755721082,0.26184082,-2.542633,-0.2674408
1609,C,43433007491101,0.7732544,-0.75016785,0.4892578
1609,C,43433259261121,-1.7777252,1.453949,-1.4374695
1609,C,43433511031140,-0.17903137,0.28067017,-1.7357483
1609,C,43433762801160,1.0112152,1.5273132,2.999527
1609,C,43434014571179,-0.40771484,-1.1564331,-0.38409424
1609,C,43434266341199,0.7636566,-2.0990753,-0.1519165
1609,C,43434518111218,0.74064636,-0.5019684,0.28120422
1609,C,43434769881238,-2.5775604,0.6702728,-1.5002899
1609,C,43435021651258,0.03337097,0.77511597,-0.17849731
1609,C,43435273421277,-0.40986633,1.1970825,1.8862915
1609,C,43435525191297,0.1340332,-2.0853577,-0.7448578
1609,C,43435776961316,0.2580719,-0.59677124,0.4573822
1609,C,43436028731336,-1.2492523,0.45106506,-0.57429504
1609,C,43436280501355,-1.6314545,1.4204865,-1.0167694
1609,C,43436532271375,-0.6598358,0.9935303,-0.33247375
1609,C,43436784041394,1.4643402,5.6244354,0.9563751
1609,C,43437035811414,0.36688232,0.1954956,0.24240112
1609,C,43437287581433,-0.62745667,-0.05796814,-0.123184204
1609,C,43437539351453,-0.88249207,2.4913025,0.17372131
1609,C,43437791121472,-0.5992279,0.9103699,-0.15776062
1609,C,43438042891492,1.3917084,0.47303772,0.613739
1609,C,43438294661511,0.13912964,0.2900238,-0.28987122
1609,C,43438546431531,-1.2503357,1.6504364,-0.26539612
1609,C,43438798201551,-0.9977722,1.451416,-0.4788971
1609,C,43439049971570,0.84802246,0.6888733,1.0485687
1609,C,43439301741590,0.76730347,-2.430725,0.19178772
1609,C,43439553511609,-1.0296173,-1.0076447,-0.15888977
1609,C,43439805281629,-2.0533905,2.4076233,-0.49313354
1609,C,43440057051648,-0.09614563,-0.7956543,-0.3935089
1609,C,43440308821668,0.48075867,-0.80885315,0.13165283
1609,C,43440560591687,0.8029785,0.6994171,1.2241058
1609,C,43440812361707,-0.16654968,-1.9262085,-0.6043854
1609,C,43441064131726,2.2646942,3.8211517,0.55163574
1609,C,43441315901746,-0.32513428,0.3974762,-0.48980713
1609,C,43441567671765,0.746994,-1.2062073,-1.0671539
1609,C,43441819441785,0.9445038,-0.5462036,1.333374
1609,C,43442071211804,0.34165955,-0.034973145,-0.09274292
1609,C,43442322981824,-1.705307,0.22639465,0.22991943
1609,C,43442574774723,0.36816406,-3.8231964,0.19372559
1609,C,43442826544743,-0.10873413,1.2056885,-1.4279022
1609,C,43443078314763,0.43522644,0.8492584,1.3001404
1609,C,43443330084782,-0.097854614,0.9829407,0.24136353
1609,C,43443581854802,-0.063430786,-1.4941559,-0.44508362
1609,C,43443833624821,-1.0910034,7.667328,-0.36297607
1609,C,43444085394841,-0.06983948,-0.03968811,-0.7754822
1609,C,43444337164860,-0.54067993,2.4948273,-1.407135
1609,C,43444588934880,0.54367065,-1.9291077,1.8006744
1609,C,43444840704899,-0.25952148,0.2950287,-0.41297913
1609,C,43445092474919,0.54652405,-0.57221985,0.49778748
1609,C,43445344244938,-0.05267334,-1.5996552,-0.016052246
1609,C,43445596014958,-0.17364502,-0.37739563,-0.42749023
1609,C,43445847784977,0.41415405,-0.1133728,0.40260315
1609,C,43446099554997,0.4870758,0.6848602,0.8366699
1609,C,43446351325016,0.68582153,-3.3569336,-0.44953918
1609,C,43446603095036,0.10952759,2.9024048,-0.06568909
1609,C,43446854865056,-0.24539185,-0.75579834,-0.4767456
1609,C,43447106635075,-0.718277,2.127365,-1.6489258
1609,C,43447358405095,0.56477356,-1.8750763,1.6006775
1609,C,43447610175114,0.20503235,0.6013336,0.051483154
1609,C,43447861945134,-0.583786,-1.4337311,-0.2787323
1609,C,43448113715153,1.2510681,-0.97247314,0.59768677
1609,C,43448365485173,-0.56362915,0.20600891,-1.1414795
1609,C,43448617255192,1.934967,-0.3674469,-0.01361084
1609,C,43448869025212,2.5079498,-3.1118774,0.30603027
1609,C,43449120795231,-0.1822815,-1.5452576,1.3434906
1609,C,43449372565251,-1.0531921,-0.77612305,-0.4969635
1609,C,43449624335270,1.5488129,-2.3447418,-1.2204742
1609,C,43449876105290,1.3583221,-0.9845123,0.33093262
1609,C,43450127875309,1.5069733,-1.9288025,0.6312561
1609,C,43450379645329,1.3153229,-2.4689178,0.2064209
1609,C,43450631415348,0.6863861,-0.49064636,0.42878723
1609,C,43450883185368,-1.3056183,-0.5931244,-0.75149536
1609,C,43451134955388,-0.42997742,-0.6778717,-1.2105865
1609,C,43451386725407,-1.509903,4.4155273,-0.0844574
1609,C,43451638495427,-0.014450073,0.4335022,0.17025757
1609,C,43451890265446,0.73661804,-1.621521,-0.16360474
1609,C,43452142035466,0.52835083,-0.3054657,0.45707703
1609,C,43452393805485,-2.670807,1.6004181,-0.6411133
1609,C,43452645572649,-0.7382965,-0.9773407,-2.1387482
1609,C,43452897342668,1.151535,3.610077,4.2076874
1609,C,43453149112688,0.8093262,1.2739105,0.66519165
1609,C,43453400882707,0.6694031,-2.5995178,0.11099243
1609,C,43453652652727,0.5075226,-1.475357,-0.06515503
1609,C,43453904422746,-1.991745,0.96710205,-1.6116486
1609,C,43454156192766,0.46652222,1.2364044,1.6576233
1609,C,43454407962785,-0.2551117,-1.0970917,0.87008667
1609,C,43454659732805,0.6791687,-1.4879761,0.24372864
1609,C,43454911502825,1.1698151,-1.2543488,0.05961609
1609,C,43455163272844,-1.7263947,1.0834961,-1.0505524
1609,C,43455415042864,0.06109619,-0.50657654,-0.40075684
1609,C,43455666812883,0.11653137,2.3424377,1.9911499
1609,C,43455918582903,0.67948914,-1.8913422,0.10534668
1609,C,43456170352922,0.50886536,-0.6460266,0.28433228
1609,C,43456422122942,-1.2591705,-0.28282166,-0.73301697
1609,C,43456673892961,-0.6028137,0.65841675,-1.7082062
1609,C,43456925662981,0.6184387,1.3108215,2.6705017
1609,C,43457177433000,-0.19415283,-1.2243958,0.82899475
1609,C,43457429203020,0.49916077,-1.5171204,-0.17053223
1609,C,43457680973039,0.3180542,-0.071640015,0.1764679
1609,C,43457932743059,-1.9773407,0.9224243,-1.3327026
1609,C,43458184513078,-0.1634674,0.05154419,-0.79133606
1609,C,43458436283098,0.068374634,2.886917,1.6161499
1609,C,43458688053117,0.20005798,-1.6054382,-0.008758545
1609,C,43458939823137,0.5313263,-1.2275085,0.11758423
1609,C,43459191593157,-2.5219269,0.8083191,-1.345871
1609,C,43459443363176,-1.4175262,1.2146912,-1.0865479
1609,C,43459695133196,1.0353546,1.4526825,2.6565857
1609,C,43459946903215,-0.22245789,-0.3784027,0.29612732
1609,C,43460198673235,-0.007247925,1.0642395,0.027740479
1609,C,43460450443254,0.37702942,-0.032318115,-0.015975952
1609,C,43460702213274,-1.2301941,0.7746277,0.8267975
1609,C,43460953983293,0.04937744,3.6127777,1.0783539
1609,C,43461205753313,-1.339035,1.9275665,-0.605896
1609,C,43461457523332,0.34043884,2.8068695,-0.17944336
1609,C,43461709293352,-0.37091064,-0.38316345,-0.6291504
1609,C,43461961063371,-0.2227478,-0.020629883,0.45202637
1609,C,43462212833391,0.7188873,2.4333649,0.7553406
1609,C,43462464585423,0.89393616,-0.31037903,0.004058838
1609,C,43462716355443,-0.7944031,-0.98908997,0.24320984
1609,C,43462968125463,-0.10267639,-0.34579468,-0.073410034
1609,C,43463219895482,-0.62046814,1.6499023,-1.8968201
1609,C,43463471665502,0.90153503,-1.440628,2.085556
1609,C,43463723435521,0.3392334,-0.31982422,-0.3287201
1609,C,43463975205541,0.4481964,-0.45565796,0.47779846
1609,C,43464226975560,0.46154785,-2.7714539,0.09384155
1609,C,43464478745580,-0.59465027,1.2236481,-1.5547333
1609,C,43464730515599,0.4382782,-2.2794647,1.8596191
1609,C,43464982285619,0.0037231445,-1.9796143,0.12843323
1609,C,43465234055638,-0.72592163,-1.1667023,0.40411377
1609,C,43465485825658,-1.3095398,-0.74749756,0.06939697
1609,C,43465737595677,-0.35879517,-1.4772644,-0.61517334
1609,C,43465989365697,0.95243835,-2.2884064,0.47335815
1609,C,43466241135716,1.0327301,0.42216492,1.0795135
1609,C,43466492905736,0.12677002,1.286377,-0.634552
1609,C,43466744675755,0.28909302,0.8962097,0.37496948
1609,C,43466996445775,-0.05404663,-2.1646118,0.03855896
1609,C,43467248215795,-0.5060272,-0.521698,-1.5199585
1609,C,43467499985814,0.67619324,-0.057388306,1.1621246
1609,C,43467751755834,0.17860413,1.4909058,0.27372742
1609,C,43468003525853,0.24887085,-1.8639221,-0.118270874
1609,C,43468255295873,-1.5671997,2.46167,-0.05619812
1609,C,43468507065892,-0.22949219,-0.29995728,-0.22113037
1609,C,43468758835912,-0.4927826,-0.13427734,-1.6110535
1609,C,43469010605931,0.7523041,-1.6991272,1.3573608
1609,C,43469262375951,0.7184448,-0.020614624,-0.51049805
1609,C,43469514145970,0.4054718,0.91067505,0.7059479
1609,C,43469765915990,-0.024108887,-1.2445984,-0.45088196
1609,C,43470017686009,-0.6563721,1.1764526,-1.8773956
1609,C,43470269456029,0.48527527,-2.6157227,1.625946
1609,C,43470521226048,0.33306885,-0.38134766,0.18704224
1609,C,43470772996068,-0.29423523,-1.8325348,0.4923706
1609,C,43471024766088,0.3496704,-2.5443115,-0.14282227
1609,C,43471276536107,-0.16944885,-0.42687988,-1.7453766
1609,C,43471528306127,1.8624268,-3.8889313,0.965744
1609,C,43471780076146,-0.06718445,0.19345093,-0.9904022
1609,C,43472031846166,0.26383972,0.4625702,0.59436035
1609,C,43472283616185,1.2047577,-2.7326508,0.1897583
1609,C,43472535388541,2.798355,-3.7173767,-0.59342957
1609,C,43472787158560,1.0988922,-0.54525757,-0.4341278
1609,C,43473038928580,-0.41539,-1.1044006,1.0121613
1609,C,43473290698599,0.5949249,0.50479126,0.7205353
1609,C,43473542468619,0.43804932,-2.43779,0.28692627
1609,C,43473794238638,0.6638031,-1.7792053,-0.1860199
1609,C,43474046008658,-0.9338074,-0.91722107,-1.0609131
1609,C,43474297778677,0.5708618,1.341919,1.0520782
1609,C,43474549548697,0.5782013,0.050369263,1.3330536
1609,C,43474801318716,0.94703674,-2.9705658,0.2888031
1609,C,43475053088736,1.0720367,-1.4759674,0.30541992
1609,C,43475304858756,-2.9717255,2.5938416,-1.0326996
1609,C,43475556628775,-0.8526459,-0.6613922,-1.0832062
1609,C,43475808398795,-0.123184204,5.1076508,2.6962433
1609,C,43476060168814,0.27124023,1.357666,0.0015106201
1609,C,43476311938834,1.1197357,-2.7484436,0.35386658
1609,C,43476563708853,-0.8524933,-0.36845398,-0.43255615
1609,C,43476815478873,-0.18440247,0.346344,-1.9657745
1609,C,43477067248892,0.9584656,1.4772797,3.35997
1609,C,43477319018912,-0.10195923,-1.1991577,0.4089508
1609,C,43477570788931,0.4237213,-0.60998535,-0.23054504
1609,C,43477822558951,0.71806335,-0.85598755,0.3755188
1609,C,43478074328970,-2.3082733,0.3387146,-1.6021729
1609,C,43478326098990,0.33511353,0.06201172,-0.053085327
1609,C,43478577869009,-0.43907166,0.72869873,1.581543
1609,C,43478829639029,0.70054626,-2.8249207,-0.21940613
1609,C,43479081409049,0.11672974,-0.5522003,0.72683716
1609,C,43479333179068,-2.4136353,0.3849945,-1.5640869
1609,C,43479584949088,-1.1587372,0.63778687,-2.2015839
1609,C,43479836719107,0.2361908,2.3077393,3.1291351
1609,C,43480088489127,0.3832245,-1.2019196,0.79826355
1609,C,43480340259146,0.6004791,-1.7073975,0.13877869
1609,C,43480592029166,0.6510925,-0.30000305,0.22236633
1609,C,43480843799185,-2.0163574,0.36184692,-1.752594
1609,C,43481095569205,-0.22335815,-0.0009613037,0.07765198
1609,C,43481347339224,-0.42071533,-1.5913849,1.4483185
1609,C,43481599109244,-0.032058716,-0.930542,0.29618835
1609,C,43481850879263,0.5806885,0.67349243,0.0663147
1609,C,43482102649283,-2.7603455,0.6972351,-1.197052
1609,C,43482354419302,-1.6196136,1.9311371,-2.192215
1609,C,43482606190728,0.6287079,2.4878998,3.0243073
1609,C,43482857960747,0.79260254,1.8093414,1.2890472
1609,C,43483109730767,-0.22512817,2.401291,-0.14607239
1609,C,43483361500787,-0.72906494,2.431427,-0.8443146
1609,C,43483613270806,-1.5651398,2.1404724,-0.102645874
1609,C,43483865040826,0.3740692,0.81507874,0.80422974
1609,C,43484116810845,0.13668823,-0.4460907,-0.09841919
1609,C,43484368580865,-0.077423096,0.3837738,0.09434509
1609,C,43484620350884,-0.33335876,0.4039917,-0.26037598
1609,C,43484872120904,-0.4020996,0.8251953,-0.739563
1609,C,43485123890923,0.08572388,0.15942383,0.81030273
1609,C,43485375660943,1.3799591,2.5978546,-0.019500732
1609,C,43485627430962,0.015151978,-2.6075287,-0.23129272
1609,C,43485879200982,-0.5883026,1.7850494,0.0634613
1609,C,43486130971001,-0.03125,-0.28863525,-0.11515808
1609,C,43486382741021,-0.52134705,2.8685608,-1.5531158
1609,C,43486634511040,0.45787048,-0.7710266,2.1949005
1609,C,43486886281060,0.5562897,-0.62731934,-0.47099304
1609,C,43487138051080,0.10719299,2.2741241,0.14486694
1609,C,43487389821099,-0.35681152,-0.6615448,0.078323364
1609,C,43487641591119,-0.38212585,0.040802002,-0.7109833
1609,C,43487893361138,0.7446747,-1.2155151,1.5764618
1609,C,43488145131158,-0.061691284,-2.0776367,-0.6144409
1609,C,43488396901177,-1.4994507,4.1823273,-0.8417816
1609,C,43488648671197,-0.48799133,-0.22366333,-1.5576782
1609,C,43488900441216,0.18797302,0.7651367,1.3155823
1609,C,43489152211236,0.1007843,1.7499237,0.4963379
1609,C,43489403981255,-0.12574768,-2.0583038,-0.29508972
1609,C,43489655751275,-0.9685974,0.7499695,0.10336304
1609,C,43489907521294,-0.18797302,-0.48561096,-0.53015137
1609,C,43490159291314,0.25502014,-1.70018,-0.4449768
1609,C,43490411061333,1.5395508,-0.913208,0.9883728
1609,C,43490662831353,0.42575073,-0.54855347,-0.6024475
1609,C,43490914601372,-0.123550415,1.7997131,-0.018829346
1609,C,43491166371392,0.06956482,-0.0519104,-0.081726074
1609,C,43491418141412,-0.43748474,1.4469147,-1.5422516
1609,C,43491669911431,0.36346436,-0.60772705,1.3508606
1609,C,43491921681451,0.07589722,-0.050247192,0.2434082
1609,C,43492173451470,-0.2300415,-1.211853,-0.13026428
1609,C,43492425221490,-1.3938293,2.8923035,-0.38606262
1609,C,43492677003383,-0.041549683,0.7166443,-0.60092163
1609,C,43492928773403,0.04586792,1.9510345,-1.5442047
1609,C,43493180543422,0.41799927,-0.7474365,1.5016785
1609,C,43493432313442,-0.04815674,-0.4093628,-0.222229
1609,C,43493684083461,-0.5428772,-0.11639404,-0.15956116
1609,C,43493935853481,-1.251297,2.0312042,0.10449219
1609,M,38805927749961,0.8522644,-5.268158,-1.6337738
1609,M,38806179519981,4.9981537,-1.8395996,-0.24588013
1609,M,38806431290000,0.40681458,1.0727081,-0.45191956
1609,M,38806683060020,-0.06414795,-1.8778381,-0.8822174
1609,M,38806934830039,2.1304016,0.2861328,0.5726929
1609,M,38807186600059,-0.9350128,3.7860107,0.055480957
1609,M,38807438370078,-3.9143982,0.6840973,-2.2071075
1609,M,38807690140098,1.0852356,2.785324,-0.7655487
1609,M,38807941910117,2.692749,-3.2145538,0.27046204
1609,M,38808193680137,1.8690491,-2.8835754,1.5592041
1609,M,38808445450156,-0.0773468,-1.449585,0.763504
1609,M,38808697220176,-0.063430786,-1.3162689,-0.84936523
1609,M,38808948990195,-1.4208679,-0.02407837,-1.3653107
1609,M,38809200760215,-0.10362244,-0.23951721,1.1783142
1609,M,38809452530235,0.14503479,-2.2930145,0.7470703
1609,M,38809704300254,-0.18919373,-1.6645813,-0.3632202
1609,M,38809956070274,0.6013336,-0.9395447,0.13995361
1609,M,38810207840293,0.31443787,0.8172455,0.19555664
1609,M,38810459610313,-0.58406067,-1.6320343,-1.4588165
1609,M,38810711380332,-1.3438416,-0.75520325,-0.01777649
1609,M,38810963150352,-0.52326965,0.09249878,-0.9591217
1609,M,38811214920371,0.48068237,0.19416809,-0.28271484
1609,M,38811466690391,0.8715515,-2.5161133,-0.28607178
1609,M,38811718459177,1.1648865,1.1752319,0.81074524
1609,M,38811970229197,-2.9679413,3.3567352,0.4268036
1609,M,38812221999216,0.9032135,-2.1926575,-0.16473389
1609,M,38812473769236,-1.9215698,0.98257446,0.18107605
1609,M,38812725539255,-0.5062866,1.8733978,0.09851074
1609,M,38812977309275,-0.56126404,-0.30844116,0.5529175
1609,M,38813229079294,0.49752808,-0.5820465,-0.25450134
1609,M,38813480849314,-1.0851288,0.76335144,-0.5236511
1609,M,38813732619334,-0.45761108,0.48861694,-0.13760376
1609,M,38813984389353,0.025115967,-1.0745544,0.59843445
1609,M,38814236159373,-3.2281494,-0.07997131,-0.9128418
1609,M,38814487929392,3.8408966,-4.776642,-0.47659302
1609,M,38814739699412,4.0755615,-4.6797943,-2.275116
1609,M,38814991469431,0.064575195,1.9447327,-0.75971985
1609,M,38815243239451,-1.2503967,0.9717407,0.40693665
1609,M,38815495009470,-0.294693,0.9705963,0.5442505
1609,M,38815746779490,-0.85850525,5.4813538,1.0235748
1609,M,38815998549509,0.76464844,-4.7152405,-2.4901733
1609,M,38816250319529,2.2198944,0.68992615,0.4618683
1609,M,38816502089548,-0.46191406,1.1491699,0.4606781
1609,M,38816753859568,-0.5145874,-1.5979004,0.13580322
1609,M,38817005629587,-0.25125122,3.5077515,1.0148773
1609,M,38817257399607,0.43867493,-1.9699097,0.3248291
1609,M,38817509169627,-2.2707825,2.4557495,-0.36549377
1609,M,38817760939646,-0.6279144,0.11784363,-0.6696167
1609,M,38818012709666,-2.6086273,1.3557129,-0.14242554
1609,M,38818264479685,-0.08856201,-0.29086304,-0.33483887
1609,M,38818516249705,1.027771,2.5494843,0.6424408
1609,M,38818768019724,-1.1868439,-1.5072632,-1.1378021
1609,M,38819019789744,1.1142883,1.2058105,-0.32759094
1609,M,38819271559763,-0.08592224,-1.703476,0.03213501
1609,M,38819523329783,0.14315796,1.4174652,-0.044952393
1609,M,38819775099802,0.9951172,0.6174774,-0.06983948
1609,M,38820026869822,-1.8356476,4.477936,-0.51979065
1609,M,38820278639841,-1.0485687,0.4068451,-0.18276978
1609,M,38820530409861,-0.11747742,0.1463623,0.85806274
1609,M,38820782179880,0.28305054,-1.7909851,0.4868164
1609,M,38821033949900,0.43603516,1.6940308,-0.17506409
1609,M,38821285719919,-3.6354065,-2.5198364,-1.6243744
1609,M,38821537475459,0.7229309,-0.15299988,0.8096771
1609,M,38821789245479,0.7519226,4.369095,0.37872314
1609,M,38822041015498,-2.3450012,0.5376587,-1.6002655
1609,M,38822292785518,0.552063,1.5139618,0.433609
1609,M,38822544555537,0.51309204,1.9795532,0.19522095
1609,M,38822796325557,-3.2008057,-0.6833801,-0.89146423
1609,M,38823048095576,-0.24291992,0.9524231,-1.8509521
1609,M,38823299865596,-0.18128967,3.822235,-0.80166626
1609,M,38823551635615,0.6424866,-1.0898438,1.4262085
1609,M,38823803405635,-0.92578125,0.54145813,0.4063568
1609,M,38824055175654,1.873764,-1.6253204,-0.7836304
1609,M,38824306945674,0.07493591,-1.7364655,-0.52456665
1609,M,38824558715693,-0.80197144,-0.05834961,-0.12823486
1609,M,38824810485713,1.3282471,-0.022598267,1.0741119
1609,M,38825062255732,0.012634277,-0.38467407,-0.3202057
1609,M,38825314025752,-1.4299469,-0.2247467,0.057128906
1609,M,38825565795772,-0.8239746,-0.3732605,0.2055664
1609,M,38825817565791,-2.1419067,0.7722626,-0.41923523
1609,M,38826069335811,-0.7003174,2.2915344,1.8352356
1609,M,38826321105830,1.7338715,-1.0699615,0.121536255
1609,M,38826572875850,-3.3265686,0.26756287,-1.770752
1609,M,38826824645869,1.8495178,3.377411,-0.5456238
1609,M,38827076415889,1.0841064,-0.6872711,-1.0225372
1609,M,38827328185908,0.15649414,0.36927795,2.4627838
1609,M,38827579955928,2.627182,1.5855713,-0.0753479
1609,M,38827831725947,1.247879,-0.34181213,-0.5810852
1609,M,38828083495967,-0.62449646,-0.5339813,-0.09085083
1609,M,38828335265986,-2.7157898,1.1966095,-0.008590698
1609,M,38828587036006,0.86468506,-0.41963196,0.5513916
1609,M,38828838806025,-1.3607025,-0.055099487,0.39888
1609,M,38829090576045,1.5054626,3.1091156,-0.6125946
1609,M,38829342346064,-0.3566742,-0.5956116,-0.114227295
1609,M,38829594116084,-0.89933777,1.020935,0.66067505
1609,M,38829845886104,-0.33143616,-2.6667633,2.8592377
1609,M,38830097656123,3.2423248,-7.4205627,-1.3060913
1609,M,38830349426143,1.6267242,-1.3987885,-1.7321014
1609,M,38830601196162,0.60995483,1.0514526,0.60910034
1609,M,38830852966182,1.426239,0.24554443,1.6180267
1609,M,38831104736201,0.07522583,-2.51297,-1.6932831
1609,M,38831356506221,-0.7018585,-0.1134491,0.51297
1609,M,38831608255688,0.23547363,-0.334198,-1.0950775
1609,M,38831860025708,-0.9738617,0.93125916,0.67840576
1609,M,38832111795727,-1.6065826,7.3270416,0.61361694
1609,M,38832363565747,-0.30488586,-0.22930908,0.235672
1609,M,38832615335766,-1.0171204,0.09976196,-0.08175659
1609,M,38832867105786,1.6387482,-0.1895752,0.25047302
1609,M,38833118875805,-0.77619934,-0.43341064,0.22143555
1609,M,38833370645825,0.48371887,-0.37353516,-0.11149597
1609,M,38833622415845,0.2386322,-0.579834,-0.3766632
1609,M,38833874185864,-2.0820007,1.4453735,0.21035767
1609,M,38834125955884,-0.8464203,0.0965271,0.8443451
1609,M,38834377725903,1.4211121,-0.813385,-0.533432
1609,M,38834629495923,-0.35743713,-2.009262,0.8846588
1609,M,38834881265942,-1.0927582,1.4868927,-0.7317505
1609,M,38835133035962,-0.85731506,1.137497,0.24308777
1609,M,38835384805981,-0.8829956,1.2363739,0.9733124
1609,M,38835636576001,0.58444214,-0.8074646,1.1918488
1609,M,38835888346020,0.09777832,-2.392929,-0.15657043
1609,M,38836140116040,-1.3485565,1.2693481,-2.2760925
1609,M,38836391886059,2.691101,0.20664978,-1.3440857
1609,M,38836643656079,1.3337402,-0.17652893,-2.0777283
1609,M,38836895426098,3.607071,-1.0667114,1.1791534
1609,M,38837147196118,0.61538696,-0.2233429,0.190094
1609,M,38837398966137,1.3311768,-1.9511261,-0.008544922
1609,M,38837650736157,-0.91293335,-0.66015625,-1.0255585
1609,M,38837902506177,-0.029571533,-0.26142883,0.9984436
1609,M,38838154276196,-1.603241,0.05506897,-0.021118164
1609,M,38838417246167,0.74757385,0.5897522,-0.33836365
1609,M,38838669016186,0.53674316,-1.020752,-0.21531677
1609,M,38838798807446,-0.31452942,-0.53108215,-0.53144836
1609,M,38838899515454,-0.6864166,-0.5618744,-0.2699585
1609,M,38839000223462,-1.29393,0.44430542,-0.4134369
1609,M,38839100931470,-0.09458923,-0.25024414,0.026535034
1609,M,38839201639477,0.54045105,0.74298096,0.7072296
1609,M,38839302347485,0.23680115,-0.20831299,0.27194214
1609,M,38839403055493,0.16523743,-0.73890686,-0.061294556
1609,M,38839503763501,1.765274,-0.036315918,0.09979248
1609,M,38839604471509,0.42581177,-0.27108765,-5.79834E-4
1609,M,38839705179516,-0.39613342,-0.10757446,0.28694153
1609,M,38839805887524,-2.3290253,0.56159973,0.009979248
1609,M,38839906595532,0.165802,1.4324493,0.884079
1609,M,38840112497632,-3.8132935,1.808609,-0.4136505
1609,M,38840364267651,0.7059021,2.1870575,-0.41131592
1609,M,38840616037671,0.39918518,-2.6184998,-0.7836151
1609,M,38840867807690,1.2190552,1.8986511,1.597168
1609,M,38841119577710,0.26805115,1.6902008,-0.4159851
1609,M,38841276224438,1.1532745,-2.6189728,-0.1025238
1609,M,38841376932446,0.5764618,-0.7095947,0.3074646
1609,M,38841477640454,-0.7339325,0.42678833,0.39888
1609,M,38841578355100,-0.57388306,0.8208313,0.027297974
1609,M,38841679063108,1.2780304,-2.050354,0.8265991
1609,M,38841779771115,-2.8111267,1.0943146,-0.043655396
1609,M,38841880479123,-1.9500122,1.9029236,-0.2881775
1609,M,38841981187131,-0.43243408,1.085968,0.20968628
1609,M,38842081895139,0.38142395,0.89811707,0.29678345
1609,M,38842182603147,0.8348541,0.49501038,0.011795044
1609,M,38842283311154,0.56248474,1.64711,0.27597046
1609,M,38842384019162,0.6469574,-0.06175232,0.87239075
1609,M,38842484727170,-2.2813873,-0.55381775,-0.2939148
1609,M,38842585435178,-0.010971069,2.6676483,0.43325806
1609,M,38842686143186,-1.4767761,-0.5054474,-1.423996
1609,M,38842786851193,-1.4313049,-1.0221863,-0.6737671
1609,M,38842887559201,-0.88931274,-0.2038269,-0.40452576
1609,M,38842988267209,-0.7106323,0.04902649,-0.03437805
1609,M,38843088975217,-0.88475037,0.93904114,0.77293396
1609,M,38843189683225,0.26271057,2.18367,1.9005585
1609,M,38843290391233,-1.0348663,0.21122742,0.43293762
1609,M,38843391099240,1.8877563,1.0572662,0.91226196
1609,M,38843491807248,-3.1279144,2.9817657,-2.1041412
1609,M,38843592515256,1.1583405,-1.5920105,-1.3374329
1609,M,38843693223264,-0.4875946,2.0365143,0.66360474
1609,M,38843793931272,-0.58903503,-0.025375366,-0.056533813
1609,M,38843894639279,1.0917816,-1.8339233,0.77867126
1609,M,38843995347287,1.4086761,1.4158325,0.8478241
1609,M,38844096055295,0.54074097,0.14118958,0.8162079
1609,M,38844196763303,-1.7477112,1.5699463,0.63349915
1609,M,38844297471311,-1.3219452,-1.9510345,-0.8387451
1609,M,38844398179318,0.008422852,-3.1962585,-3.3917236
1609,M,38844498887326,-1.6923218,-0.21432495,-2.0061035
1609,M,38844599595334,3.4838562,0.9898224,-1.3935089
1609,M,38844700303342,-0.24424744,1.1357117,-2.1245575
1609,M,38844801011350,1.8714752,2.1461334,-1.3559723
1609,M,38844901719358,2.7906494,-0.4447174,-1.1753235
1609,M,38845002427365,0.85969543,1.0310822,1.6024475
1609,M,38845103135373,3.5143585,0.21813965,1.4434967
1609,M,38845203843381,-2.2930298,0.08314514,0.37539673
1609,M,38845304551389,0.96762085,-0.06272888,2.3563995
1609,M,38845405259397,-2.1058197,6.8206024,-0.41104126
1609,M,38845505967404,2.7708893,-3.4305267,0.59594727
1609,M,38845606675412,2.3028107,-3.8544312,-0.3556366
1609,M,38845707383420,0.8579254,-0.21446228,-0.4861145
1609,M,38845808091428,-0.019866943,-1.4966736,-5.79834E-4
1609,M,38845908799436,-0.31781006,-1.4069214,-0.28186035
1609,M,38846009507443,0.6578827,-1.2621002,-0.2259674
1609,M,38846110215451,1.0809631,-1.2824554,-0.46484375
1609,M,38846210923459,-3.291214,2.6554413,-0.32258606
1609,M,38846311631467,-2.1671753,1.033371,0.003616333
1609,M,38846412339475,0.23431396,2.9075928,0.8404083
1609,M,38846513047483,0.29585266,0.8030548,1.1265717
1609,M,38846613755490,1.1896515,3.4603424,-0.07182312
1609,M,38846714463498,-1.5678406,-0.1915741,-0.33154297
1609,M,38846815171506,1.3965912,-1.4018555,0.22343445
1609,M,38846915879514,-1.0249939,-0.16308594,0.054992676
1609,M,38847016587522,0.58461,-0.15068054,0.10786438
1609,M,38847117295529,0.64797974,-1.2658844,-0.041137695
1609,M,38847218003537,-0.13233948,-1.9554901,0.20428467
1609,M,38847318711545,-0.06561279,-1.1610718,-0.12631226
1609,M,38847419419553,-1.6787109,1.6421509,-1.1279907
1609,M,38847520127561,-1.6309662,0.55966187,-0.24458313
1609,M,38847620835568,0.044403076,0.7448883,0.09957886
1609,M,38847721543576,0.6782532,1.4358826,0.47164917
1609,M,38847822251584,-0.73846436,-0.5842285,0.10220337
1609,M,38847922959592,0.6882782,1.4436188,0.66360474
1609,M,38848023667600,-0.31192017,-0.041168213,-0.1995697
1609,M,38848124375608,-0.07473755,1.5003815,0.11227417
1609,M,38848225083615,0.4793396,-0.6173248,0.2223053
1609,M,38848325791623,0.06550598,-0.7385254,0.2674713
1609,M,38848426499631,-3.155777,1.4313965,-0.92477417
1609,M,38848527207639,-1.3473663,-0.41093445,-0.72377014
1609,M,38848627915647,-0.4524536,1.63797,0.27305603
1609,M,38848728623654,-2.6542053,1.7323303,-0.656662
1609,M,38848829331662,0.6937866,-0.89352417,0.75691223
1609,M,38848930039670,-0.1375122,0.6531372,-0.1851654
1609,M,38849030747678,0.74972534,3.0640259,-0.47398376
1609,M,38849131455686,1.5092773,-1.3280487,0.72483826
1609,M,38849232163693,1.3128204,-0.19233704,1.069397
1609,M,38849332871701,2.3674774,-1.6083832,0.8609619
1609,M,38849634995725,-1.041565,1.7197113,-0.9549866
1609,M,38849886765744,-1.5638733,2.0037537,-1.517273
1609,M,38850138535764,0.93159485,0.6597748,-1.078064
1609,M,38850390305783,0.101257324,-0.87117004,0.8434601
1609,M,38850642075803,-2.4209595,2.4169922,0.2788086
1609,M,38850893845822,-0.745636,0.63887024,-0.0069274902
1609,M,38851145615842,-1.0011749,-0.8186035,0.56539917
1609,M,38851397385861,1.8241577,-0.6921997,0.078201294
1609,M,38851649177860,-1.0721436,1.8846588,0.4626007
1609,M,38851900947879,1.0594788,-1.1115265,-0.42866516
1609,M,38852152717899,0.5772705,-1.2809296,-0.39964294
1609,M,38852404487919,-1.4530029,1.2881622,-0.3417511
1609,M,38852656257938,2.5859833,-1.2444763,0.8542023
1609,M,38852908027958,0.3909912,-1.4096527,0.1980896
1609,M,38853159797977,-0.53834534,-0.27038574,-0.18521118
1609,M,38853411567997,0.96362305,-2.2159424,0.35647583
1609,M,38853663338016,-0.018295288,-0.7747345,-0.760849
1609,M,38853915108036,1.3464355,-0.36883545,0.40115356
1609,M,38854166878055,1.4730072,1.2713165,-0.12792969
1609,M,38854418648075,0.3365631,0.11077881,0.12857056
1609,M,38854670418094,0.13676453,2.7253723,0.6690216
1609,M,38854922188114,1.2876892,-0.56588745,0.052139282
1609,M,38855173958133,1.6252747,-2.2142334,-0.68811035
1609,M,38855425728153,-0.46096802,1.9323578,-0.024276733
1609,M,38855705482792,0.6692047,2.0780487,0.5352173
1609,M,38855957252811,0.5563202,1.348999,1.6518097
1609,M,38856209022831,1.189743,-0.57321167,-1.025177
1609,M,38856460792850,-0.89334106,-0.18681335,0.14564514
1609,M,38856712562870,-0.3647766,-1.19487,-0.34422302
1609,M,38856964332889,0.37313843,0.4749298,0.55836487
1609,M,38857216102909,-1.5276489,1.2190552,-0.14370728
1609,M,38857467872928,2.0391235,1.1022339,-0.50942993
1609,M,38857719642948,-0.8926544,-0.76782227,0.5254364
1609,M,38857971412967,-1.3161621,-1.295639,-0.20236206
1609,M,38858223182987,-1.6872559,0.53125,-0.16304016
1609,M,38858474953006,-0.5055237,-0.09135437,0.30070496
1609,M,38858726723026,-1.4746704,2.5333557,-0.07032776
1609,M,38858978493045,0.9876251,1.1577454,0.84609985
1609,M,38859230263065,-1.8677826,2.5543365,-3.0179138
1609,M,38859482033085,1.6044312,0.8874359,-0.25550842
1609,M,38859733803104,3.8210297,0.93026733,0.4988861
1609,M,38859985573124,-1.2706451,-2.141327,0.07635498
1609,M,38860237343143,-1.4189148,0.114227295,-0.49702454
1609,M,38860489113163,-1.3039246,-0.68836975,0.92518616
1609,M,38860740883182,-0.9374695,0.6910248,0.13716125
1609,M,38860992653202,1.2522125,0.1343689,-0.088134766
1609,M,38861244423221,0.99938965,-0.4348297,0.34457397
1609,M,38861496169630,-0.77297974,0.6384125,-0.40255737
1609,M,38861747939649,0.06816101,0.4308777,-0.104156494
1609,M,38861999709669,1.4034119,-1.0095367,0.09991455
1609,M,38862251479688,-0.90063477,0.5806732,0.5686493
1609,M,38862503249708,1.8555145,-0.4036255,-0.2460022
1609,M,38862755019727,-0.2914276,-0.57969666,0.26445007
1609,M,38863006789747,-3.915985,0.934906,-2.5832367
1609,M,38863258559767,2.494461,-0.24295044,0.7256775
1609,M,38863510329786,-1.0447388,2.025055,0.4333191
1609,M,38863762099806,0.0063323975,1.9269867,-0.88119507
1609,M,38864013869825,-0.48742676,-0.79145813,0.54940796
1609,M,38864265639845,-1.5552673,1.0682526,-0.34899902
1609,M,38864517409864,1.0004883,-2.370758,-0.13142395
1609,M,38864769179884,-1.5664368,-0.35791016,0.6458435
1609,M,38865020949903,-1.3012085,0.07380676,-0.41775513
1609,M,38865272719923,0.33872986,-1.4967194,-0.24362183
1609,M,38865524489942,-2.334259,1.4225922,0.4365692
1609,M,38865776259962,0.6976166,0.68714905,0.7259369
1609,M,38866028029981,0.9397125,-0.61865234,-0.01626587
1609,M,38866279800001,-1.7029572,-0.63357544,-1.4367065
1609,M,38866531570020,0.6796417,3.6228485,0.3843994
1609,M,38866783340040,-1.0673981,0.7492981,-0.60772705
1609,M,38867035110059,-1.4595032,1.3551788,0.17216492
1609,M,38867286880079,-0.91345215,-1.1001129,-0.9446411
1609,M,38867538650099,0.1544342,-1.569809,-1.5139313
1609,M,38867790420118,1.7454834,-1.7934265,0.79914856
1609,M,38868042190138,1.9885101,0.47758484,0.49183655
1609,M,38868293960157,2.6473083,0.6303253,1.056015
1609,M,38868545730177,0.35092163,-1.3939514,-0.30540466
1609,M,38868797500196,-0.25994873,-1.1449432,-0.14881897
1609,M,38869049270216,-2.3590393,1.3604431,-0.584671
1609,M,38869301040235,0.84669495,-0.7926941,0.54989624
1609,M,38869552810255,1.3682251,-1.1036072,-0.6225281
1609,M,38869804580274,0.09106445,0.5503082,1.3802185
1609,M,38870056350294,0.8898773,-0.93922424,-0.5819702
1609,M,38870308120313,-0.06341553,0.009841919,-0.20219421
1609,M,38870559890333,-0.54940796,-0.30187988,-0.15942383
1609,M,38870811660352,0.42152405,0.74176025,0.40808105
1609,M,38871063430372,0.39160156,0.5486145,0.2232666
1609,M,38871315200392,0.17233276,0.3919525,-0.076919556
1609,M,38871566992962,-0.108047485,0.04005432,-0.068984985
1609,M,38871818762982,-0.122528076,0.33859253,0.07170105
1609,M,38872070533001,-0.23114014,-1.4237823,0.17427063
1609,M,38872322303021,0.9853821,-1.514801,1.0814972
1609,M,38872574073040,0.538208,0.3503418,-1.0910339
1609,M,38872825843060,0.8895111,-0.34809875,-1.2428436
1609,M,38873077613079,1.7928162,-1.2378845,0.56185913
1609,M,38873329383099,1.3899536,-1.1779175,0.73431396
1609,M,38873581153118,-2.708847,1.3765564,-1.840271
1609,M,38873832923138,1.0373077,1.1091156,0.81378174
1609,M,38874084693157,-0.9184418,0.5787506,0.63627625
1609,M,38874336463177,-1.1409302,-1.0021667,0.3126068
1609,M,38874588233196,-1.7784271,0.9779968,0.22198486
1609,M,38874840003216,0.047058105,5.343399,0.884079
1609,M,38875091773235,-2.9073334,2.2839355,-1.1228638
1609,M,38875343543255,3.1845245,-0.3970337,-0.81126404
1609,M,38875595313275,3.0224457,-5.6761475,0.19940186
1609,M,38875847083294,-1.7549896,-0.3603058,-0.43403625
1609,M,38876098853314,-0.8130951,-0.39613342,-0.37083435
1609,M,38876350623333,1.1394806,-2.6550446,-0.99887085
1609,M,38876602393353,-2.9744873,0.87690735,0.5137024
1609,M,38876854163372,-0.05708313,1.3316345,1.348114
1609,M,38877105933392,2.1976166,-1.5707092,0.4205017
1609,M,38877357703411,-0.48320007,-1.4476776,-0.1401825
1609,M,38877609473431,-0.3098755,1.9120941,-0.463562
1609,M,38877861243450,-1.4090576,1.7610779,0.2702179
1609,M,38878113013470,0.8382416,-2.2423553,1.1069031
1609,M,38878364783489,1.1742859,1.047409,-0.96829224
1609,M,38878616553509,1.2077026,1.9161224,0.081466675
1609,M,38878868323528,-0.3131256,-0.22047424,-0.0027160645
1609,M,38879120093548,-2.885376,0.94467163,-0.19316101
1609,M,38879371863568,0.08731079,2.722046,0.41659546
1609,M,38879623633587,0.21505737,4.807495,1.120636
1609,M,38879875403607,1.1617737,-2.968338,-1.4818268
1609,M,38880127173626,0.71751404,0.26493835,0.14324951
1609,M,38880378943646,1.856781,-1.1360931,1.2701416
1609,M,38880630713665,1.5172882,3.5671844,1.4842224
1609,M,38880882483685,0.90023804,-2.032547,0.26805115
1609,M,38881134253704,-0.04283142,-0.58854675,0.12791443
1609,M,38881386023724,2.4158173,-1.6755371,0.85253906
1609,M,38881637784485,-0.28326416,0.59121704,0.779953
1609,M,38881889554505,-0.15841675,0.98387146,-2.2998962
1609,M,38882141324524,3.8269196,-3.3905334,-1.1796722
1609,M,38882393094544,0.51982117,1.996872,-0.89108276
1609,M,38882644864563,0.39916992,1.1100464,2.1568298
1609,M,38882896634583,-1.2044373,1.0267639,0.4414215
1609,M,38883148404602,1.184555,-2.0255432,-0.3734436
1609,M,38883400174622,-0.38412476,-1.7763977,-0.17692566
1609,M,38883651944642,0.6749573,-2.0569458,1.6103973
1609,M,38883903714661,0.10820007,3.0277252,2.2972565
1609,M,38884155484681,-1.2071075,0.82136536,-0.9324951
1609,M,38884407254700,1.4301605,1.7318115,-0.18511963
1609,M,38884659024720,0.054656982,-1.1921997,0.14341736
1609,M,38884910794739,-0.73721313,0.32832336,-0.15046692
1609,M,38885162564759,-0.28274536,-0.5636749,-0.31254578
1609,M,38885414334778,-0.13887024,0.44976807,-0.365448
1609,M,38885666104798,1.1873932,0.3300171,-0.04460144
1609,M,38885917874817,2.5414581,1.592804,0.26034546
1609,M,38886169644837,-2.3785248,-1.6215515,-1.7649536
1609,M,38886421414856,0.87187195,-0.15075684,-0.40446472
1609,M,38886673184876,0.44828796,0.5871582,1.6085052
1609,M,38886924954895,0.61572266,2.9601898,0.6001587
1609,M,38887176724915,-2.1651459,-0.38258362,-0.2642517
1609,M,38887428494935,-0.08241272,0.26278687,0.4477234
1609,M,38887680264954,0.05293274,-2.1655426,0.8156891
1609,M,38887932034974,0.13796997,0.014175415,0.5107269
1609,M,38888183804993,-1.5254211,-0.121170044,-3.0012207
1609,M,38888435575013,0.7541046,1.6497498,0.89590454
1609,M,38888687345032,1.9717712,-4.4433136,0.47070313
1609,M,38888939115052,-3.3548584,2.019333,-1.0463104
1609,M,38889190885071,0.0019226074,-1.267868,0.008483887
1609,M,38889442655091,-1.3802032,-3.1557617,-0.687088
1609,M,38889694425110,-4.393524,1.9191895,-1.5670166
1609,M,38889946195130,1.2590027,0.291687,-0.33293152
1609,M,38890197965149,1.8302612,-0.5086212,-0.19198608
1609,M,38890449735169,0.9055023,-1.5474854,0.8045349
1609,M,38890701505188,-2.1169891,2.3456726,-0.5991211
1609,M,38890953275208,-0.58828735,1.179245,-0.087265015
1609,M,38891205045227,-0.4285736,0.50128174,1.2519684
1609,M,38891456815247,2.1408997,3.6701813,-3.10672
1609,M,38891708590132,1.5642395,-4.1233673,-1.2359619
1609,M,38891960360151,2.860138,3.6155396,-0.7093048
1609,M,38892212130171,0.4164276,-0.015319824,0.04585266
1609,M,38892463900190,2.695877,-2.9580536,0.83117676
1609,M,38892715670210,-2.8404236,-1.7745514,-2.4435272
1609,M,38892967440229,0.03375244,-0.26994324,-0.7866516
1609,M,38893219210249,0.6190338,-0.83229065,1.4188538
1609,M,38893470980268,0.94288635,0.939209,0.49334717
1609,M,38893722750288,-1.743988,1.7277069,-0.04486084
1609,M,38893974520307,-1.1569672,1.6915741,0.21360779
1609,M,38894226290327,2.0375519,1.0544281,0.16426086
1609,M,38894478060346,-0.095336914,0.094955444,0.17982483
1609,M,38894729830366,-1.7033691,0.91362,0.42256165
1609,M,38894981600385,-0.9475403,-0.08332825,0.7660675
1609,M,38895233370405,-1.0602875,0.6700287,0.18893433
1609,M,38895485140425,0.02420044,2.0263672,0.57870483
1609,M,38895736910444,-2.5581055,-2.1346893,-2.9244843
1609,M,38895988680464,-0.22993469,1.5314026,0.02532959
1609,M,38896240450483,1.3573914,0.1257019,0.65470886
1609,M,38896492220503,-3.2962036,-1.375061,0.6007538
1609,M,38896743990522,1.5108032,-1.7286987,0.6810303
1609,M,38896995760542,-1.7457886,-1.0296783,-2.8302612
1609,M,38897247530561,-0.14640808,-0.06021118,-0.7787628
1609,M,38897499300581,0.7008667,-0.680954,1.3896027
1609,M,38897751070600,2.0878906,0.8281708,1.7788086
1609,M,38898002840620,-1.5614166,-0.95066833,-0.4040985
1609,M,38898254610639,-1.0719452,0.05206299,-1.2026367
1609,M,38898506380659,1.1984558,2.7045135,-0.1293335
1609,M,38898758150678,2.5907288,-0.31121826,2.1025238
1609,M,38899009920698,1.832962,1.1556702,0.776001
1609,M,38899261690717,0.82258606,-2.4597626,-0.46626282
1609,M,38899513460737,2.7301025,-1.4991608,-0.43984985
1609,M,38899765230757,-1.0344543,0.6522064,1.0443573
1609,M,38900017000776,-0.27207947,-2.1042175,-0.38208008
1609,M,38900268770796,1.0333099,0.5397644,-0.023162842
1609,M,38900520540815,-0.23910522,-2.6687927,-0.59898376
1609,M,38900772310835,-1.7497711,0.5000458,-0.64927673
1609,M,38901024080854,2.4098816,-0.11608887,0.7151489
1609,M,38901275850874,-2.8384705,-2.357605,0.45491028
1609,M,38901527617935,-1.6697083,0.5103302,-0.55537415
1609,M,38901779387955,0.7040863,-0.86546326,-0.2899933
1609,M,38902031157974,-0.7237854,-0.9118042,-0.5516205
1609,M,38902282927994,2.7945862,-2.000702,1.6030426
1609,M,38902534698013,-0.2649231,-1.3597565,0.414505
1609,M,38902786468033,2.207901,-4.248123,0.024383545
1609,M,38903038238052,-0.50968933,0.26335144,-1.2774353
1609,M,38903290008072,0.9755554,1.1723633,1.0431519
1609,M,38903541778092,0.99560547,1.1022644,0.4319458
1609,M,38903793548111,0.71362305,0.31274414,0.58836365
1609,M,38904045318131,-3.0125122,0.57255554,-2.2173004
1609,M,38904297088150,1.9445648,0.90852356,1.7631073
1609,M,38904548858170,0.07173157,0.45948792,0.48446655
1609,M,38904800628189,1.2425385,2.221466,0.21839905
1609,M,38905052398209,-1.7142029,-1.6891785,-2.8184357
1609,M,38905304168228,1.0376892,0.034118652,0.9884033
1609,M,38905555938248,1.1880493,-1.2496033,-0.005935669
1609,M,38905807708267,-1.0832825,4.2193604,-0.94389343
1609,M,38906059478287,1.5599213,-2.0070038,0.27752686
1609,M,38906311248306,-0.54800415,-0.3564911,-1.4541473
1609,M,38906563018326,-1.9810791,2.3075256,0.39834595
1609,M,38906814788345,1.2159729,-0.9058075,-0.15693665
1609,M,38907066558365,-0.40742493,-3.9176483,0.96891785
1609,M,38907318328384,-0.09616089,-0.78440857,0.0074005127
1609,M,38907570098404,-0.6370239,-0.57263184,-0.45954895
1609,M,38907821868424,-2.7584229,1.7225494,-0.060134888
1609,M,38908073638443,2.260727,2.0528107,0.8148346
1609,M,38908325408463,-1.4816284,0.21911621,0.02029419
1609,M,38908577178482,-0.66004944,1.8687439,1.7048492
1609,M,38908828948502,0.24572754,1.9046173,0.3439026
1609,M,38909080718521,0.64193726,-1.3990784,-0.33921814
1609,M,38909332488541,-3.2619019,-3.1176758,-1.8700104
1609,M,38909584258560,0.77957153,0.28492737,-0.01637268
1609,M,38909836028580,-0.25450134,0.23812866,-0.4233551
1609,M,38910087798599,-0.23048401,2.0227966,-0.8727722
1609,M,38910339568619,0.013290405,-0.9310608,-2.678711
1609,M,38910591338638,1.598938,-2.1147919,0.53886414
1609,M,38910843108658,-1.8534393,1.1759186,1.1050262
1609,M,38911094878677,-1.180893,0.41168213,-0.29421997
1609,M,38911346648697,0.7892761,-4.147522,-1.8520203
1609,M,38911598416635,-1.769043,0.74624634,1.0829315
1609,M,38911850186654,1.5201569,-0.40290833,0.7918701
1609,M,38912101956674,0.04197693,0.8477783,0.3364563
1609,M,38912353726693,-1.5123901,0.06340027,-1.3241882
1609,M,38912605496713,1.3507996,0.73475647,-0.04638672
1609,M,38912857266732,1.1956329,0.32821655,-0.15281677
1609,M,38913109036752,2.9689636,-1.2085571,1.8960876
1609,M,38913360806771,0.7875519,-1.7791901,-0.45500183
1609,M,38913612576791,0.14671326,-1.4149628,0.039413452
1609,M,38913864346810,-0.073516846,2.99411,-0.18624878
1609,M,38914116116830,-1.3073883,2.3268127,-0.041732788
1609,M,38914367886849,0.14274597,0.35310364,-0.021270752
1609,M,38914619656869,1.6197052,-1.6158142,-0.29582214
1609,M,38914871426888,-0.28076172,-1.0657043,-0.32662964
1609,M,38915123196908,-2.2853699,4.5895233,-0.69618225
1609,M,38915374966927,2.0328522,-0.66456604,0.9560394
1609,M,38915626736947,-2.6653748,0.05593872,0.09251404
1609,M,38915878506967,-1.2162628,-0.13313293,-1.3004761
1609,M,38916130276986,-1.4503632,2.3016815,1.7909851
1609,M,38916382047006,0.78523254,2.7003326,1.7022095
1609,M,38916633817025,1.3352356,-1.7794647,-0.20054626
1609,M,38916885587045,-2.7773743,-0.13746643,-1.6380615
1609,M,38917137357064,0.61834717,-0.74406433,-0.28038025
1609,M,38917389127084,0.029525757,0.34269714,0.7996521
1609,M,38917640897103,-1.255539,-1.260498,0.4102173
1609,M,38917892667123,-0.118515015,3.4563751,-0.5471649
1609,M,38918144437142,-0.19984436,-0.78504944,-0.3662262
1609,M,38918396207162,1.1963196,0.31710815,0.36637878
1609,M,38918647977181,1.8986359,-1.4871368,0.7031555
1609,M,38918899747201,-1.4995422,0.97343445,0.3312683
1609,M,38919151517220,0.09062195,-1.6704102,-2.047989
1609,M,38919403287240,0.9565582,1.4056854,-1.0563202
1609,M,38919655057260,1.7096405,-0.39393616,0.5151367
1609,M,38919906827279,-0.64782715,0.15307617,0.69740295
1609,M,38920158597299,0.15394592,0.62290955,1.0084991
1609,M,38920410367318,0.7523804,0.4854126,0.2973175
1609,M,38920662137338,0.7526398,-1.0932007,-0.021514893
1609,M,38920913907357,0.49343872,-2.206192,-0.35769653
1609,M,38921165677377,-5.6128845,2.6638336,0.4540558
1609,M,38921417447396,0.16726685,0.06617737,1.381012
1609,M,38921669200310,-2.401474,0.9276581,-0.15480042
1609,M,38921920970329,0.6614685,-1.0158386,-0.23374939
1609,M,38922172740349,-0.59684753,-1.6281433,-0.109069824
1609,M,38922424510368,1.077179,-1.0086823,0.16297913
1609,M,38922676280388,0.10835266,0.29885864,0.29670715
1609,M,38922928050407,0.1053009,1.3985596,0.1401825
1609,M,38923179820427,-0.67337036,1.234314,-0.75502014
1609,M,38923431590446,0.356781,1.2777863,0.5624695
1609,M,38923683360466,0.13401794,1.7677917,0.16333008
1609,M,38923935130486,-2.509079,-1.2408447,-2.2529602
1609,M,38924186900505,0.62387085,-0.0047912598,0.34802246
1609,M,38924438670525,2.7738495,-0.46717834,0.32165527
1609,M,38924690440544,0.33241272,3.4940186,-0.11932373
1609,M,38924942210564,0.306839,-0.1381836,0.47192383
1609,M,38925193980583,-1.7503967,-0.93052673,-1.0146179
1609,M,38925445750603,0.28442383,1.7248383,-1.3562775
1609,M,38925697520622,2.418808,-3.182907,-1.5060425
1609,M,38925949290642,-0.7430725,2.0082855,1.0628815
1609,M,38926201060661,0.4905243,0.5256653,1.7337494
1609,M,38926452830681,1.6399231,-0.6150055,-0.15142822
1609,M,38926704600700,-0.5015869,-0.3400421,-0.026626587
1609,M,38926956370720,0.019165039,1.4063568,-1.2972107
1609,M,38927208140739,-2.137085,3.0276947,0.7834778
1609,M,38927459910759,1.83078,2.7514496,-0.8830414
1609,M,38927711680779,2.3869476,-2.2487183,0.4888916
1609,M,38927963450798,-2.7302094,3.0723572,-0.15039063
1609,M,38928215220818,-0.9687195,0.18121338,0.49845886
1609,M,38928466990837,0.123703,2.2169647,2.4063873
1609,M,38928718760857,0.47935486,0.74786377,0.04801941
1609,M,38928970530876,-0.7635803,1.4443359,-4.7302246E-4
1609,M,38929222300896,0.51052856,-1.8114166,-0.5059509
1609,M,38929474070915,-1.138916,-0.08720398,0.2514038
1609,M,38929725840935,0.7064514,0.021759033,-0.44425964
1609,M,38929977610954,1.8840942,5.104492,0.83483887
1609,M,38930229380974,0.53956604,-0.7632141,0.067214966
1609,M,38930481150993,-0.8984375,1.285675,-0.7855835
1609,M,38930732921013,0.23088074,0.16604614,-0.79241943
1609,M,38930984691032,-0.07647705,2.4715729,0.84010315
1609,M,38931236461052,0.16062927,2.3969574,0.667984
1609,M,38931488241877,0.23612976,-1.8113403,0.45335388
1609,M,38931740011897,-1.0471191,-2.044632,-3.2307281
1609,M,38931991781917,1.1902771,-0.3274994,-0.78041077
1609,M,38932243551936,2.984253,-4.148834,-0.72465515
1609,M,38932495321956,-1.2386627,2.3180542,0.9358673
1609,M,38932747091975,0.3246765,0.5444031,0.84336853
1609,M,38932998861995,-1.0505676,0.29264832,0.75694275
1609,M,38933250632014,0.20890808,0.44474792,-0.41801453
1609,M,38933502402034,0.066223145,-1.3246613,-0.05847168
1609,M,38933754172053,-1.9376068,0.5831909,-0.64660645
1609,M,38934005942073,0.7760315,0.28782654,1.4746399
1609,M,38934257712092,-3.5601807,-2.3163605,0.17655945
1609,M,38934509482112,-1.7438507,-0.5916443,-0.18647766
1609,M,38934761252131,1.4406738,-3.7309418,0.011749268
1609,M,38935013022151,1.2591705,-0.8412018,-0.483963
1609,M,38935264792170,1.0585175,0.69921875,-0.07447815
1609,M,38935516562190,0.9458008,-0.20324707,0.5697937
1609,M,38935768332210,-1.6775513,1.6316833,-0.64515686
1609,M,38936020102229,1.2799988,0.5293274,0.13031006
1609,M,38936271872249,0.76937866,-1.8862305,0.22338867
1609,M,38936523642268,-0.59877014,0.6642456,-0.01776123
1609,M,38936775412288,-0.75239563,1.0454865,0.3377838
1609,M,38937027182307,-3.359085,0.34240723,-1.6296234
1609,M,38937278952327,0.43069458,0.30610657,0.6542511
1609,M,38937530722346,-1.4393463,-1.7404327,-0.4052124
1609,M,38937782492366,-0.9614563,0.8409729,-0.324234
1609,M,38938034262385,0.5495148,-1.2208252,-0.12182617
1609,M,38938286032405,0.35636902,0.065719604,-0.4951477
1609,M,38938537802424,-0.6587219,-0.93144226,0.012069702
1609,M,38938789572444,-0.9253082,5.212982,1.0045166
1609,M,38939041342463,0.30725098,-0.103652954,-0.046188354
1609,M,38939293112483,0.2740326,-0.7434387,0.0096588135
1609,M,38939544882502,-0.5483856,-1.5746002,-0.3145752
1609,M,38939796652522,-1.1565094,0.04978943,-0.52601624
1609,M,38940048422542,0.2303009,-1.1618042,0.22111511
1609,M,38940300192561,1.6172943,0.97195435,0.6600952
1609,M,38940551962581,-0.048171997,-0.8746643,0.117874146
1609,M,38940803732600,0.327713,-0.86032104,0.12121582
1609,M,38941055502620,-0.9086151,0.80937195,-0.4256134
1609,M,38941307272639,-0.73031616,-0.73353577,-0.3580475
1609,M,38941559045604,3.12117,-1.0048676,0.6042023
1609,M,38941810815623,0.8574829,-1.1203766,-0.2939453
1609,M,38942062585643,-0.6330414,0.8235626,-0.01586914
1609,M,38942314355662,-0.08872986,0.29353333,0.25028992
1609,M,38942566125682,-1.3581085,-0.35516357,-0.09681702
1609,M,38942817895701,1.7721405,1.5778198,0.4562683
1609,M,38943069665721,0.25056458,0.5457916,-0.24594116
1609,M,38943321435740,-0.23410034,-0.30381775,0.30470276
1609,M,38943573205760,-1.0280914,0.48849487,0.06764221
1609,M,38943824975780,-1.6645508,1.2569733,0.44387817
1609,M,38944076745799,-0.44058228,0.5899353,-0.14151001
1609,M,38944328515819,-0.10206604,0.16850281,-0.17930603
1609,M,38944580285838,0.22161865,-0.44874573,0.1747284
1609,M,38944832055858,-0.012817383,-0.10441589,-0.1468811
1609,M,38945083825877,0.23516846,-0.32614136,0.3639984
1609,M,38945335595897,-0.58818054,-0.08532715,0.53770447
1609,M,38945587365916,-4.1371155,0.2879486,-1.124466
1609,M,38945839135936,2.2700043,1.755539,0.85650635
1609,M,38946090905955,1.9201202,0.6716156,0.10131836
1609,M,38946342675975,1.0179749,0.21426392,0.8421173
1609,M,38946594445994,1.2267303,1.4133606,-0.010879517
1609,M,38946846216014,-0.0642395,-0.31871033,-0.41882324
1609,M,38947097986033,-0.94226074,0.7151947,-0.39567566
1609,M,38947349756053,0.03213501,-0.5583191,0.62908936
1609,M,38947601526072,1.2921143,0.5995636,1.0712433
1609,M,38947853296092,2.0625458,-1.0196686,-0.32180786
1609,M,38948105066112,-1.3709564,0.84698486,0.10115051
1609,M,38948356836131,-1.257721,-0.040496826,-0.72361755
1609,M,38948608606151,0.35710144,-0.98846436,0.64289856
1609,M,38948860376170,0.31256104,0.64711,-0.6482239
1609,M,38949112146190,-0.14323425,0.796402,0.064941406
1609,M,38949363916209,-1.6564789,0.17021179,-0.8890686
1609,M,38949615686229,0.4458313,0.9335022,0.21710205
1609,M,38949867456248,0.21885681,1.6405792,0.7961731
1609,M,38950119226268,1.2752991,-0.5115814,0.5774689
1609,M,38950370996287,0.34361267,1.1387787,0.62882996
1609,M,38950622766307,-1.0527954,-0.8807373,-1.4557343
1609,M,38950874536326,0.32814026,-0.30862427,-0.6050415
1609,M,38951126306346,0.92292786,0.024353027,0.30941772
1609,M,38951378076365,-1.4465332,0.97813416,0.8453522
1609,M,38951629848861,-2.69458,-0.33462524,-0.23348999
1609,M,38951881618881,0.21214294,-0.5652313,-2.2419739
1609,M,38952133388900,-0.10585022,1.9666138,-0.9595337
1609,M,38952385158920,0.47132874,0.59458923,8.239746E-4
1609,M,38952636928939,-0.09928894,1.364151,1.5605621
1609,M,38952888698959,1.4005432,-0.85343933,0.32157898
1609,M,38953140468978,-0.23150635,-1.300293,-0.1214447
1609,M,38953392238998,0.05947876,0.37039185,-0.31752014
1609,M,38953644009017,-1.7338257,2.2771606,0.4495697
1609,M,38953895779037,2.0134888,0.15252686,0.41563416
1609,M,38954147549056,2.3637695,-1.9198456,0.70495605
1609,M,38954399319076,-0.67271423,-1.1613159,-0.28175354
1609,M,38954651089095,2.0924683,-2.2889557,-1.0336456
1609,M,38954902859115,1.6147461,0.10432434,-0.46949768
1609,M,38955154629134,-0.41125488,-0.6111603,0.75831604
1609,M,38955406399154,-0.53230286,2.9233246,0.71165466
1609,M,38955658169173,-0.87132263,1.3233643,-0.36488342
1609,M,38955909939193,-0.19934082,-1.0162354,0.15939331
1609,M,38956161709213,-5.073288,1.6768188,-0.40745544
1609,M,38956413479232,-2.1360016,3.6435547,0.96769714
1609,M,38956665249252,0.41410828,-0.007598877,0.35539246
1609,M,38956917019271,-0.9153595,-0.9033356,0.0037384033
1609,M,38957168789291,-2.5687866,2.0681,-0.4198761
1609,M,38957420559310,-0.45777893,-0.62887573,-1.8934174
1609,M,38957672329330,3.7233124,-2.3201447,-1.203186
1609,M,38957924099349,0.75746155,0.39749146,0.48913574
1609,M,38958175869369,-1.160141,-0.16819763,1.3269348
1609,M,38958427639388,1.3813629,-0.27607727,0.86787415
1609,M,38958679409408,-0.4360962,-1.2982635,0.28227234
1609,M,38958931179427,0.9223938,-1.2041779,-0.4830017
1609,M,38959182949447,-1.2470093,-0.915802,-0.45388794
1609,M,38959434719466,-1.0430298,0.39572144,-0.26812744
1609,M,38959686489486,1.9088898,0.076416016,0.8007355
1609,M,38959938259506,-0.06767273,0.7008972,-0.42341614
1609,M,38960190029525,-0.30541992,0.22218323,0.2183075
1609,M,38960441799545,0.4981079,-0.44796753,0.16127014
1609,M,38960693569564,0.12332153,-0.36824036,0.103775024
1609,M,38960945339584,-2.6463013,-0.96876526,-0.6295929
1609,M,38961197109603,-0.85202026,0.550354,1.0353851
1609,M,38961448879623,-1.0050201,0.66633606,0.33059692
1609,M,38961700658317,-3.0646515,3.15065,-0.14335632
1609,M,38961952428337,-2.1125946,-3.1825714,-2.6423187
1609,M,38962204198356,1.9495392,-1.0036316,0.8755951
1609,M,38962455968376,0.84617615,3.114502,1.3151245
1609,M,38962707738395,-0.8963623,-0.0041656494,0.297287
1609,M,38962959508415,0.2186737,0.49943542,-0.21289063
1609,M,38963211278434,-0.092056274,-0.19073486,-0.1974945
1609,M,38963463048454,-0.29051208,0.7798004,-0.15618896
1609,M,38963714818473,-0.6698303,0.0064849854,-0.19825745
1609,M,38963966588493,-1.0760498,-3.423294,-0.7562866
1609,M,38964218358513,0.64974976,0.56126404,0.5137634
1609,M,38964470128532,-1.9108734,-0.9430237,-1.0216827
1609,M,38964721898552,2.0147552,0.1109314,-1.5946045
1609,M,38964973668571,1.7493439,-4.8475494,-0.97753906
1609,M,38965225438591,0.40014648,0.14916992,2.3940887
1609,M,38965477208610,-0.1966095,0.73106384,0.67085266
1609,M,38965728978630,0.43067932,-0.48612976,-0.22984314
1609,M,38965980748649,0.08721924,-1.8999481,-0.23802185
1609,M,38966232518669,0.47969055,-2.0424805,0.20652771
1609,M,38966484288688,-0.3319702,1.0849609,0.52311707
1609,M,38966736058708,1.5606384,-0.78434753,0.067352295
1609,M,38966987828727,1.6965942,1.4693451,0.24240112
1609,M,38967239598747,-0.9069977,-0.6546478,0.1262207
1609,M,38967491368766,-0.028137207,-0.7630615,-0.63757324
1609,M,38967743138786,0.68533325,0.5166626,-0.04397583
1609,M,38967994908806,0.14953613,1.9010925,0.7671356
1609,M,38968246678825,0.5944824,1.708313,-0.3639679
1609,M,38968498448845,0.23146057,-0.23214722,0.47657776
1609,M,38968750218864,-0.30892944,-0.053009033,-0.6033325
1609,M,38969001988884,-0.29237366,0.04815674,-0.5145111
1609,M,38969253758903,0.8254242,1.4973755,1.2206116
1609,M,38969505528923,0.259964,-0.6056366,0.10470581
1609,M,38969757298942,-0.29423523,0.515625,0.01210022
1609,M,38970009068962,0.47731018,1.3176727,-0.5907593
1609,M,38970260838981,-0.03642273,-2.1680145,-0.7542267
1609,M,38970512609001,-0.54641724,0.29927063,-0.184906
1609,M,38970764379020,0.24362183,0.12971497,-0.54177856
1609,M,38971016149040,-1.2517853,-0.007507324,-0.22923279
1609,M,38971267919059,0.039978027,2.1956482,-0.38885498
1609,M,38971519673718,-0.278656,1.1602173,0.9967804
1609,M,38971771443737,-0.04576111,-0.15626526,0.1608429
1609,M,38972023213757,0.54745483,-0.54611206,0.19908142
1609,M,38972274983777,-0.111312866,-1.233429,-0.44473267
1609,M,38972526753796,-3.498703,0.05432129,-2.6042786
1609,M,38972778523816,-1.4858246,2.082306,0.40419006
1609,M,38973030293835,1.0273438,0.80729675,0.19282532
1609,M,38973282063855,2.3835602,0.9499359,-0.6014252
1609,M,38973533833874,-3.515915,5.293503,-0.8440094
1609,M,38973785603894,-0.55677795,-2.4775085,0.20539856
1609,M,38974037373913,0.6269684,-1.140091,-0.9351959
1609,M,38974289143933,-0.13465881,3.3193817,0.2861328
1609,M,38974540913952,-0.65335083,0.4672699,-1.2543182
1609,M,38974792683972,0.1091156,-2.813446,-0.089019775
1609,M,38975044453991,3.313446,-1.5218353,1.1432648
1609,M,38975296224011,-0.56399536,0.9312744,1.6070404
1609,M,38975547994030,-1.5210419,2.4032898,1.4032745
1609,M,38975799764050,2.6500702,-0.32299805,-1.520935
1609,M,38976051534070,0.37176514,1.0353699,-0.2720642
1609,M,38976303304089,0.80644226,0.68573,-0.5734253
1609,M,38976555074109,0.17529297,0.7627411,0.40367126
1609,M,38976806844128,0.064834595,-2.8968658,0.38589478
1609,M,38977058614148,0.39123535,-0.09541321,0.3669281
1609,M,38977310384167,-2.0599518,-0.17782593,-1.0283356
1609,M,38977562154187,0.8450775,0.61724854,0.46684265
1609,M,38977813924206,0.66252136,0.837265,0.9330597
1609,M,38978065694226,-1.9217834,-2.4358673,-2.423645
1609,M,38978317464245,2.2009583,-0.25328064,-1.8077393
1609,M,38978569234265,-2.0546265,-1.1134491,-1.2458191
1609,M,38978821004284,0.97143555,-0.061279297,2.59169
1609,M,38979072774304,1.9523773,0.8654022,-0.20109558
1609,M,38979324544323,0.82788086,-2.5126343,0.13513184
1609,M,38979576314343,-1.0465698,0.34613037,-1.1859741
1609,M,38979828084362,-1.8918915,1.6648254,0.07002258
1609,M,38980079854382,-0.48861694,0.26306152,0.13456726
1609,M,38980331624402,0.85295105,-0.8260956,0.024856567
1609,M,38980583394421,-0.02154541,-0.49043274,-0.2271576
1609,M,38980835164441,-0.37754822,0.31015015,-7.7819824E-4
1609,M,38981086934460,-0.4675598,0.3190155,-0.03564453
1609,M,38981338704480,-0.007461548,0.35954285,0.23265076
1609,M,38981590481268,0.038497925,-0.0819397,0.0067443848
1609,M,38981842251288,-0.09095764,0.046463013,0.023208618
1609,M,38982094021307,-0.22221375,0.10961914,-0.016204834
1609,M,38982345791327,-0.271698,0.06347656,-0.03703308
1609,M,38982597561346,-3.3537292,0.5630493,-0.55870056
1609,M,38982849331366,1.5138092,-1.5241547,0.0051116943
1609,M,38983101101385,2.5389404,-1.6322327,0.25019836
1609,M,38983352871405,-1.2731628,1.1005249,0.21650696
1609,M,38983604641424,-2.0664978,1.2127838,0.18309021
1609,M,38983856411444,-1.2702942,0.20028687,1.1895447
1609,M,38984108181464,0.00045776367,-0.8230591,0.2878723
1609,M,38984359951483,-0.5072174,1.2062836,0.17462158
1609,M,38984611721503,1.02034,-1.1861725,-0.30270386
1609,M,38984863491522,0.55737305,-3.4141083,-1.9979095
1609,M,38985115261542,0.8219147,-1.3765564,-2.1493683
1609,M,38985367031561,1.646225,-4.7006073,-0.0072021484
